timestamp,open,high,low,close,volume,symbol
2026-01-11 21:00:00,1.774,1.7746,1.7668,1.7699,66288.03,APT/USDT:USDT
2026-01-11 21:15:00,1.7699,1.7729,1.7691,1.7708,30890.05,APT/USDT:USDT
2026-01-11 21:30:00,1.7708,1.7751,1.7691,1.7716,35906.99,APT/USDT:USDT
2026-01-11 21:45:00,1.7716,1.7818,1.7716,1.78,54114.41,APT/USDT:USDT
2026-01-11 22:00:00,1.78,1.78,1.755,1.7613,378512.0,APT/USDT:USDT
2026-01-11 22:15:00,1.7613,1.7667,1.758,1.7634,99231.97,APT/USDT:USDT
2026-01-11 22:30:00,1.7634,1.767,1.7566,1.7668,71016.97,APT/USDT:USDT
2026-01-11 22:45:00,1.7668,1.7668,1.7575,1.7575,35629.49,APT/USDT:USDT
2026-01-11 23:00:00,1.7575,1.7608,1.7425,1.76,375495.44,APT/USDT:USDT
2026-01-11 23:15:00,1.76,1.77,1.7594,1.7608,144469.33,APT/USDT:USDT
2026-01-11 23:30:00,1.7608,1.7647,1.7569,1.7647,55673.16,APT/USDT:USDT
2026-01-11 23:45:00,1.7647,1.7709,1.7621,1.7688,54833.39,APT/USDT:USDT
2026-01-12 00:00:00,1.7688,1.7691,1.7591,1.7631,93090.53,APT/USDT:USDT
2026-01-12 00:15:00,1.7631,1.7761,1.7621,1.7724,154226.38,APT/USDT:USDT
2026-01-12 00:30:00,1.7724,1.7764,1.7541,1.7549,158902.66,APT/USDT:USDT
2026-01-12 00:45:00,1.7549,1.7677,1.7445,1.7674,163424.2,APT/USDT:USDT
2026-01-12 01:00:00,1.7674,1.7878,1.7653,1.7809,366073.67,APT/USDT:USDT
2026-01-12 01:15:00,1.7809,1.787,1.7769,1.7856,162234.51,APT/USDT:USDT
2026-01-12 01:30:00,1.7856,1.787,1.7671,1.7721,153982.17,APT/USDT:USDT
2026-01-12 01:45:00,1.7721,1.7811,1.7702,1.7785,134627.13,APT/USDT:USDT
2026-01-12 02:00:00,1.7785,1.7944,1.7774,1.7943,136694.58,APT/USDT:USDT
2026-01-12 02:15:00,1.7943,1.804,1.7879,1.7931,405953.44,APT/USDT:USDT
2026-01-12 02:30:00,1.7931,1.8003,1.7879,1.7992,104965.61,APT/USDT:USDT
2026-01-12 02:45:00,1.7992,1.8155,1.7992,1.8108,334968.75,APT/USDT:USDT
2026-01-12 03:00:00,1.8108,1.8187,1.8088,1.816,159389.85,APT/USDT:USDT
2026-01-12 03:15:00,1.816,1.8211,1.8148,1.8168,95766.43,APT/USDT:USDT
2026-01-12 03:30:00,1.8168,1.8199,1.7958,1.7961,129136.7,APT/USDT:USDT
2026-01-12 03:45:00,1.7961,1.7975,1.7862,1.7878,111916.86,APT/USDT:USDT
2026-01-12 04:00:00,1.7878,1.7899,1.7803,1.7894,185992.56,APT/USDT:USDT
2026-01-12 04:15:00,1.7894,1.7908,1.7843,1.7863,67155.29,APT/USDT:USDT
2026-01-12 04:30:00,1.7863,1.799,1.7843,1.7979,48300.85,APT/USDT:USDT
2026-01-12 04:45:00,1.7979,1.8005,1.7976,1.7987,33926.42,APT/USDT:USDT
2026-01-12 05:00:00,1.7987,1.801,1.7896,1.797,82970.04,APT/USDT:USDT
2026-01-12 05:15:00,1.797,1.8029,1.7926,1.7961,75258.22,APT/USDT:USDT
2026-01-12 05:30:00,1.7961,1.7979,1.7889,1.7895,57465.01,APT/USDT:USDT
2026-01-12 05:45:00,1.7895,1.7954,1.7895,1.7926,51086.05,APT/USDT:USDT
2026-01-12 06:00:00,1.7926,1.7952,1.7868,1.7927,120327.5,APT/USDT:USDT
2026-01-12 06:15:00,1.7927,1.7938,1.782,1.7847,67565.26,APT/USDT:USDT
2026-01-12 06:30:00,1.7847,1.7847,1.772,1.779,125912.26,APT/USDT:USDT
2026-01-12 06:45:00,1.779,1.7795,1.7742,1.7766,62768.1,APT/USDT:USDT
2026-01-12 07:00:00,1.7766,1.7878,1.775,1.7807,55965.55,APT/USDT:USDT
2026-01-12 07:15:00,1.7807,1.7835,1.7739,1.7781,74816.87,APT/USDT:USDT
2026-01-12 07:30:00,1.7781,1.7781,1.7625,1.765,223470.03,APT/USDT:USDT
2026-01-12 07:45:00,1.765,1.7658,1.7586,1.761,181276.64,APT/USDT:USDT
2026-01-12 08:00:00,1.761,1.7685,1.7603,1.7636,136721.71,APT/USDT:USDT
2026-01-12 08:15:00,1.7636,1.7702,1.7606,1.7652,164169.42,APT/USDT:USDT
2026-01-12 08:30:00,1.7652,1.7652,1.7398,1.7446,562994.93,APT/USDT:USDT
2026-01-12 08:45:00,1.7446,1.7594,1.7372,1.7558,380982.65,APT/USDT:USDT
2026-01-12 09:00:00,1.7558,1.7589,1.7492,1.7566,225600.22,APT/USDT:USDT
2026-01-12 09:15:00,1.7566,1.7618,1.7533,1.7538,86275.64,APT/USDT:USDT
2026-01-12 09:30:00,1.7538,1.7579,1.7509,1.7552,263499.43,APT/USDT:USDT
2026-01-12 09:45:00,1.7552,1.7575,1.7489,1.7512,70037.16,APT/USDT:USDT
2026-01-12 10:00:00,1.7512,1.7587,1.7496,1.7548,63353.95,APT/USDT:USDT
2026-01-12 10:15:00,1.7548,1.76,1.7528,1.7569,39667.69,APT/USDT:USDT
2026-01-12 10:30:00,1.7569,1.7602,1.755,1.7561,37952.64,APT/USDT:USDT
2026-01-12 10:45:00,1.7561,1.7573,1.7516,1.7549,42102.7,APT/USDT:USDT
2026-01-12 11:00:00,1.7549,1.7611,1.7517,1.7594,83544.56,APT/USDT:USDT
2026-01-12 11:15:00,1.7594,1.7683,1.757,1.7647,74995.29,APT/USDT:USDT
2026-01-12 11:30:00,1.7647,1.7716,1.7642,1.7677,142151.99,APT/USDT:USDT
2026-01-12 11:45:00,1.7677,1.7677,1.7635,1.764,58837.93,APT/USDT:USDT
2026-01-12 12:00:00,1.764,1.7652,1.7598,1.7608,78050.72,APT/USDT:USDT
2026-01-12 12:15:00,1.7608,1.7659,1.76,1.7619,70826.93,APT/USDT:USDT
2026-01-12 12:30:00,1.7619,1.7619,1.755,1.755,94837.32,APT/USDT:USDT
2026-01-12 12:45:00,1.755,1.7597,1.7537,1.7537,90976.03,APT/USDT:USDT
2026-01-12 13:00:00,1.7537,1.7552,1.74,1.7434,207065.44,APT/USDT:USDT
2026-01-12 13:15:00,1.7434,1.7486,1.7425,1.7445,116251.78,APT/USDT:USDT
2026-01-12 13:30:00,1.7445,1.7477,1.7377,1.7403,72078.6,APT/USDT:USDT
2026-01-12 13:45:00,1.7403,1.743,1.7338,1.7399,199866.27,APT/USDT:USDT
2026-01-12 14:00:00,1.7399,1.7485,1.7372,1.7467,133014.26,APT/USDT:USDT
2026-01-12 14:15:00,1.7467,1.7489,1.7265,1.7363,584405.86,APT/USDT:USDT
2026-01-12 14:30:00,1.7363,1.7621,1.7353,1.753,292660.37,APT/USDT:USDT
2026-01-12 14:45:00,1.753,1.7606,1.7469,1.7503,181329.75,APT/USDT:USDT
2026-01-12 15:00:00,1.7503,1.7513,1.7409,1.7485,115217.32,APT/USDT:USDT
2026-01-12 15:15:00,1.7485,1.7652,1.7481,1.7628,202077.91,APT/USDT:USDT
2026-01-12 15:30:00,1.7628,1.7773,1.7584,1.7749,263075.92,APT/USDT:USDT
2026-01-12 15:45:00,1.7749,1.7779,1.7691,1.7741,146453.44,APT/USDT:USDT
2026-01-12 16:00:00,1.7741,1.7851,1.7728,1.7811,212264.03,APT/USDT:USDT
2026-01-12 16:15:00,1.7811,1.796,1.7737,1.7945,241236.96,APT/USDT:USDT
2026-01-12 16:30:00,1.7945,1.8087,1.7914,1.7948,404752.7,APT/USDT:USDT
2026-01-12 16:45:00,1.7948,1.7958,1.7856,1.792,145488.57,APT/USDT:USDT
2026-01-12 17:00:00,1.792,1.8023,1.7858,1.7881,371163.45,APT/USDT:USDT
2026-01-12 17:15:00,1.7881,1.7922,1.7706,1.7725,354623.0,APT/USDT:USDT
2026-01-12 17:30:00,1.7725,1.7731,1.7579,1.7681,453755.58,APT/USDT:USDT
2026-01-12 17:45:00,1.7681,1.773,1.7668,1.7684,60601.12,APT/USDT:USDT
2026-01-12 18:00:00,1.7684,1.7815,1.767,1.7768,89368.38,APT/USDT:USDT
2026-01-12 18:15:00,1.7768,1.7836,1.7736,1.7834,150630.16,APT/USDT:USDT
2026-01-12 18:30:00,1.7834,1.7837,1.7611,1.7656,146536.4,APT/USDT:USDT
2026-01-12 18:45:00,1.7656,1.7703,1.7642,1.7693,44523.91,APT/USDT:USDT
2026-01-12 19:00:00,1.7693,1.773,1.7595,1.7681,155874.7,APT/USDT:USDT
2026-01-12 19:15:00,1.7681,1.7778,1.7681,1.7732,65543.53,APT/USDT:USDT
2026-01-12 19:30:00,1.7732,1.7782,1.7719,1.7729,31521.86,APT/USDT:USDT
2026-01-12 19:45:00,1.7729,1.7743,1.7663,1.7692,143217.38,APT/USDT:USDT
2026-01-12 20:00:00,1.7692,1.7848,1.7691,1.7796,171887.83,APT/USDT:USDT
2026-01-12 20:15:00,1.7796,1.7796,1.7655,1.7694,177190.89,APT/USDT:USDT
2026-01-12 20:30:00,1.7694,1.7694,1.761,1.7636,87239.84,APT/USDT:USDT
2026-01-12 20:45:00,1.7636,1.7653,1.7599,1.7629,103646.87,APT/USDT:USDT
2026-01-12 21:00:00,1.7629,1.7635,1.7531,1.7612,124065.63,APT/USDT:USDT
2026-01-12 21:15:00,1.7612,1.7616,1.7549,1.7559,92261.59,APT/USDT:USDT
2026-01-12 21:30:00,1.7559,1.76,1.7544,1.7553,77118.76,APT/USDT:USDT
2026-01-12 21:45:00,1.7553,1.7569,1.7445,1.7535,153641.63,APT/USDT:USDT
2026-01-12 22:00:00,1.7535,1.7627,1.753,1.7581,106900.41,APT/USDT:USDT
2026-01-12 22:15:00,1.7581,1.7636,1.7531,1.761,92727.66,APT/USDT:USDT
2026-01-12 22:30:00,1.761,1.7749,1.759,1.7734,104532.73,APT/USDT:USDT
2026-01-12 22:45:00,1.7734,1.7734,1.764,1.7672,32535.95,APT/USDT:USDT
2026-01-12 23:00:00,1.7672,1.7677,1.7576,1.7626,37749.33,APT/USDT:USDT
2026-01-12 23:15:00,1.7626,1.7692,1.761,1.768,26095.49,APT/USDT:USDT
2026-01-12 23:30:00,1.768,1.7708,1.7631,1.7656,24713.5,APT/USDT:USDT
2026-01-12 23:45:00,1.7656,1.7685,1.7644,1.7649,20982.7,APT/USDT:USDT
2026-01-13 00:00:00,1.7649,1.7722,1.7641,1.7681,88123.99,APT/USDT:USDT
2026-01-13 00:15:00,1.7681,1.77,1.7663,1.7664,63807.35,APT/USDT:USDT
2026-01-13 00:30:00,1.7664,1.7725,1.762,1.767,72010.35,APT/USDT:USDT
2026-01-13 00:45:00,1.767,1.7754,1.7663,1.7734,28914.12,APT/USDT:USDT
2026-01-13 01:00:00,1.7734,1.7787,1.7702,1.7786,28016.79,APT/USDT:USDT
2026-01-13 01:15:00,1.7786,1.7805,1.7722,1.7748,28334.95,APT/USDT:USDT
2026-01-13 01:30:00,1.7748,1.7759,1.7648,1.7657,44821.04,APT/USDT:USDT
2026-01-13 01:45:00,1.7657,1.7743,1.7657,1.7739,19354.99,APT/USDT:USDT
2026-01-13 02:00:00,1.7739,1.7879,1.773,1.7844,79966.96,APT/USDT:USDT
2026-01-13 02:15:00,1.7844,1.7891,1.7801,1.7813,30859.91,APT/USDT:USDT
2026-01-13 02:30:00,1.7813,1.7839,1.7753,1.776,30786.8,APT/USDT:USDT
2026-01-13 02:45:00,1.776,1.7806,1.7731,1.7734,34686.38,APT/USDT:USDT
2026-01-13 03:00:00,1.7734,1.7767,1.7676,1.7717,98861.75,APT/USDT:USDT
2026-01-13 03:15:00,1.7717,1.7826,1.7717,1.7809,74699.57,APT/USDT:USDT
2026-01-13 03:30:00,1.7809,1.7833,1.775,1.7833,39786.95,APT/USDT:USDT
2026-01-13 03:45:00,1.7833,1.7852,1.7794,1.783,23469.99,APT/USDT:USDT
2026-01-13 04:00:00,1.783,1.7941,1.783,1.7919,274821.09,APT/USDT:USDT
2026-01-13 04:15:00,1.7919,1.7927,1.7834,1.786,87832.01,APT/USDT:USDT
2026-01-13 04:30:00,1.786,1.7874,1.78,1.7866,25094.26,APT/USDT:USDT
2026-01-13 04:45:00,1.7866,1.7903,1.7843,1.7903,10718.44,APT/USDT:USDT
2026-01-13 05:00:00,1.7903,1.8057,1.7902,1.8038,88270.84,APT/USDT:USDT
2026-01-13 05:15:00,1.8038,1.8116,1.799,1.8,220641.91,APT/USDT:USDT
2026-01-13 05:30:00,1.8,1.8021,1.7854,1.7864,224377.91,APT/USDT:USDT
2026-01-13 05:45:00,1.7864,1.794,1.7859,1.7905,108066.13,APT/USDT:USDT
2026-01-13 06:00:00,1.7905,1.7973,1.7869,1.7922,129069.16,APT/USDT:USDT
2026-01-13 06:15:00,1.7922,1.794,1.7888,1.7895,60517.22,APT/USDT:USDT
2026-01-13 06:30:00,1.7895,1.7935,1.789,1.7906,83564.05,APT/USDT:USDT
2026-01-13 06:45:00,1.7906,1.8035,1.7906,1.7994,100323.24,APT/USDT:USDT
2026-01-13 07:00:00,1.7994,1.8007,1.7937,1.7955,77008.43,APT/USDT:USDT
2026-01-13 07:15:00,1.7955,1.7955,1.7896,1.7913,43298.15,APT/USDT:USDT
2026-01-13 07:30:00,1.7913,1.7924,1.7888,1.7921,35522.33,APT/USDT:USDT
2026-01-13 07:45:00,1.7921,1.7928,1.7871,1.7928,60313.57,APT/USDT:USDT
2026-01-13 08:00:00,1.7928,1.8003,1.7902,1.7977,66549.87,APT/USDT:USDT
2026-01-13 08:15:00,1.7977,1.7993,1.7915,1.7915,67954.53,APT/USDT:USDT
2026-01-13 08:30:00,1.7915,1.7996,1.7873,1.7996,54817.14,APT/USDT:USDT
2026-01-13 08:45:00,1.7996,1.8111,1.7995,1.8072,135959.79,APT/USDT:USDT
2026-01-13 09:00:00,1.8072,1.8127,1.8049,1.8081,106117.32,APT/USDT:USDT
2026-01-13 09:15:00,1.8081,1.8115,1.8029,1.8105,83880.62,APT/USDT:USDT
2026-01-13 09:30:00,1.8105,1.8126,1.7967,1.8006,148924.95,APT/USDT:USDT
2026-01-13 09:45:00,1.8006,1.8054,1.7978,1.8015,59882.84,APT/USDT:USDT
2026-01-13 10:00:00,1.8015,1.8069,1.801,1.802,55020.44,APT/USDT:USDT
2026-01-13 10:15:00,1.802,1.8064,1.802,1.805,38975.16,APT/USDT:USDT
2026-01-13 10:30:00,1.805,1.8103,1.8,1.8021,113019.86,APT/USDT:USDT
2026-01-13 10:45:00,1.8021,1.8124,1.802,1.8105,175381.37,APT/USDT:USDT
2026-01-13 11:00:00,1.8105,1.8117,1.8016,1.8025,96744.57,APT/USDT:USDT
2026-01-13 11:15:00,1.8025,1.8118,1.8025,1.811,73044.56,APT/USDT:USDT
2026-01-13 11:30:00,1.811,1.8128,1.8058,1.8067,112431.7,APT/USDT:USDT
2026-01-13 11:45:00,1.8067,1.8076,1.8031,1.8051,76821.82,APT/USDT:USDT
2026-01-13 12:00:00,1.8051,1.8072,1.8014,1.8014,52512.52,APT/USDT:USDT
2026-01-13 12:15:00,1.8014,1.8098,1.8003,1.8073,56866.36,APT/USDT:USDT
2026-01-13 12:30:00,1.8073,1.8103,1.8062,1.8089,25143.61,APT/USDT:USDT
2026-01-13 12:45:00,1.8089,1.8305,1.8035,1.8234,315793.07,APT/USDT:USDT
2026-01-13 13:00:00,1.8234,1.8296,1.8209,1.8212,113505.0,APT/USDT:USDT
2026-01-13 13:15:00,1.8212,1.8289,1.8167,1.8276,178330.67,APT/USDT:USDT
2026-01-13 13:30:00,1.8276,1.8499,1.8276,1.8428,818134.13,APT/USDT:USDT
2026-01-13 13:45:00,1.8428,1.8528,1.8409,1.8491,235030.37,APT/USDT:USDT
2026-01-13 14:00:00,1.8491,1.8662,1.8484,1.8629,304071.69,APT/USDT:USDT
2026-01-13 14:15:00,1.8629,1.878,1.8625,1.8763,209705.94,APT/USDT:USDT
2026-01-13 14:30:00,1.8763,1.8988,1.8763,1.8932,386451.18,APT/USDT:USDT
2026-01-13 14:45:00,1.8932,1.9017,1.8689,1.8699,538982.92,APT/USDT:USDT
2026-01-13 15:00:00,1.8699,1.8893,1.8615,1.8679,380891.19,APT/USDT:USDT
2026-01-13 15:15:00,1.8679,1.8743,1.857,1.8732,227089.61,APT/USDT:USDT
2026-01-13 15:30:00,1.8732,1.9078,1.8732,1.9046,235832.69,APT/USDT:USDT
2026-01-13 15:45:00,1.9046,1.9124,1.895,1.9108,236080.23,APT/USDT:USDT
2026-01-13 16:00:00,1.9108,1.966,1.9108,1.9544,830277.02,APT/USDT:USDT
2026-01-13 16:15:00,1.9544,2.0031,1.9544,1.9724,852769.96,APT/USDT:USDT
2026-01-13 16:30:00,1.9724,1.9949,1.9455,1.9481,653599.79,APT/USDT:USDT
2026-01-13 16:45:00,1.9481,1.959,1.9456,1.9489,277424.56,APT/USDT:USDT
2026-01-13 17:00:00,1.9489,1.9606,1.9489,1.9549,205508.38,APT/USDT:USDT
2026-01-13 17:15:00,1.9549,1.964,1.947,1.9519,151135.5,APT/USDT:USDT
2026-01-13 17:30:00,1.9519,1.9549,1.9335,1.9359,248819.79,APT/USDT:USDT
2026-01-13 17:45:00,1.9359,1.9475,1.9344,1.9404,236480.51,APT/USDT:USDT
2026-01-13 18:00:00,1.9404,1.9495,1.9365,1.9457,179134.47,APT/USDT:USDT
2026-01-13 18:15:00,1.9457,1.9518,1.9274,1.9321,204058.95,APT/USDT:USDT
2026-01-13 18:30:00,1.9321,1.9333,1.9191,1.9233,322326.02,APT/USDT:USDT
2026-01-13 18:45:00,1.9233,1.9335,1.9144,1.9167,284482.0,APT/USDT:USDT
2026-01-13 19:00:00,1.9167,1.9198,1.902,1.9149,482940.03,APT/USDT:USDT
2026-01-13 19:15:00,1.9149,1.9201,1.9097,1.9131,56810.05,APT/USDT:USDT
2026-01-13 19:30:00,1.9131,1.92,1.9105,1.9117,120131.94,APT/USDT:USDT
2026-01-13 19:45:00,1.9117,1.9185,1.9089,1.9143,85643.42,APT/USDT:USDT
2026-01-13 20:00:00,1.9143,1.9185,1.9087,1.9119,132648.94,APT/USDT:USDT
2026-01-13 20:15:00,1.9119,1.9129,1.8972,1.9006,143522.61,APT/USDT:USDT
2026-01-13 20:30:00,1.9006,1.9007,1.8905,1.8962,166304.18,APT/USDT:USDT
2026-01-13 20:45:00,1.8962,1.9,1.8902,1.8992,134215.5,APT/USDT:USDT
2026-01-13 21:00:00,1.8992,1.9061,1.8975,1.9037,136628.98,APT/USDT:USDT
2026-01-13 21:15:00,1.9037,1.9115,1.9027,1.9071,54617.38,APT/USDT:USDT
2026-01-13 21:30:00,1.9071,1.9132,1.906,1.9132,35450.78,APT/USDT:USDT
2026-01-13 21:45:00,1.9132,1.9214,1.9131,1.9214,136949.41,APT/USDT:USDT
2026-01-13 22:00:00,1.9214,1.981,1.9214,1.957,1320443.45,APT/USDT:USDT
2026-01-13 22:15:00,1.957,1.9661,1.9493,1.9617,210429.38,APT/USDT:USDT
2026-01-13 22:30:00,1.9617,1.9827,1.9617,1.9801,173169.83,APT/USDT:USDT
2026-01-13 22:45:00,1.9801,1.996,1.98,1.9884,135808.69,APT/USDT:USDT
2026-01-13 23:00:00,1.9884,1.9973,1.982,1.9885,225464.27,APT/USDT:USDT
2026-01-13 23:15:00,1.9885,1.99,1.9639,1.9675,244918.53,APT/USDT:USDT
2026-01-13 23:30:00,1.9675,1.9708,1.9611,1.968,81232.61,APT/USDT:USDT
2026-01-13 23:45:00,1.968,1.9743,1.9584,1.9729,129244.5,APT/USDT:USDT
2026-01-14 00:00:00,1.9729,1.988,1.9646,1.9681,141840.89,APT/USDT:USDT
2026-01-14 00:15:00,1.9681,1.974,1.962,1.962,147734.51,APT/USDT:USDT
2026-01-14 00:30:00,1.962,1.964,1.9514,1.9608,82928.79,APT/USDT:USDT
2026-01-14 00:45:00,1.9608,1.9674,1.954,1.967,75121.07,APT/USDT:USDT
2026-01-14 01:00:00,1.967,1.9764,1.9661,1.9678,135688.77,APT/USDT:USDT
2026-01-14 01:15:00,1.9678,1.9678,1.9587,1.9612,50387.25,APT/USDT:USDT
2026-01-14 01:30:00,1.9612,1.9634,1.9519,1.9544,57706.41,APT/USDT:USDT
2026-01-14 01:45:00,1.9544,1.9624,1.9523,1.9536,69728.35,APT/USDT:USDT
2026-01-14 02:00:00,1.9536,1.9588,1.948,1.9556,71159.74,APT/USDT:USDT
2026-01-14 02:15:00,1.9556,1.9587,1.9518,1.954,33169.41,APT/USDT:USDT
2026-01-14 02:30:00,1.954,1.9608,1.9517,1.9608,45696.96,APT/USDT:USDT
2026-01-14 02:45:00,1.9608,1.9695,1.9518,1.9581,98950.15,APT/USDT:USDT
2026-01-14 03:00:00,1.9581,1.9616,1.9556,1.9602,40034.33,APT/USDT:USDT
2026-01-14 03:15:00,1.9602,1.9646,1.9557,1.9585,32792.64,APT/USDT:USDT
2026-01-14 03:30:00,1.9585,1.9639,1.9554,1.963,55248.04,APT/USDT:USDT
2026-01-14 03:45:00,1.963,1.9648,1.96,1.964,59296.43,APT/USDT:USDT
2026-01-14 04:00:00,1.964,1.9676,1.944,1.9456,106420.24,APT/USDT:USDT
2026-01-14 04:15:00,1.9456,1.9496,1.9415,1.9465,66515.64,APT/USDT:USDT
2026-01-14 04:30:00,1.9465,1.9495,1.9397,1.9435,96962.3,APT/USDT:USDT
2026-01-14 04:45:00,1.9435,1.9477,1.9432,1.9452,44466.55,APT/USDT:USDT
2026-01-14 05:00:00,1.9452,1.9452,1.9384,1.941,27566.35,APT/USDT:USDT
2026-01-14 05:15:00,1.941,1.9445,1.9354,1.9386,42275.52,APT/USDT:USDT
2026-01-14 05:30:00,1.9386,1.943,1.9355,1.9394,31140.99,APT/USDT:USDT
2026-01-14 05:45:00,1.9394,1.9455,1.9391,1.9424,59635.14,APT/USDT:USDT
2026-01-14 06:00:00,1.9424,1.9441,1.9342,1.9427,59393.98,APT/USDT:USDT
2026-01-14 06:15:00,1.9427,1.9429,1.9369,1.9384,44890.48,APT/USDT:USDT
2026-01-14 06:30:00,1.9384,1.9385,1.9255,1.9379,94433.27,APT/USDT:USDT
2026-01-14 06:45:00,1.9379,1.9527,1.9379,1.9521,40285.94,APT/USDT:USDT
2026-01-14 07:00:00,1.9521,1.9594,1.9499,1.9563,61594.32,APT/USDT:USDT
2026-01-14 07:15:00,1.9563,1.9563,1.9366,1.9378,76368.8,APT/USDT:USDT
2026-01-14 07:30:00,1.9378,1.9417,1.9338,1.9348,117797.37,APT/USDT:USDT
2026-01-14 07:45:00,1.9348,1.943,1.9325,1.9386,125442.83,APT/USDT:USDT
2026-01-14 08:00:00,1.9386,1.9471,1.9354,1.9451,119969.75,APT/USDT:USDT
2026-01-14 08:15:00,1.9451,1.9485,1.9445,1.9473,45493.55,APT/USDT:USDT
2026-01-14 08:30:00,1.9473,1.9498,1.9441,1.9461,30336.55,APT/USDT:USDT
2026-01-14 08:45:00,1.9461,1.9511,1.9442,1.9467,45649.7,APT/USDT:USDT
2026-01-14 09:00:00,1.9467,1.9576,1.9464,1.9558,40515.08,APT/USDT:USDT
2026-01-14 09:15:00,1.9558,1.9564,1.9466,1.9478,34352.96,APT/USDT:USDT
2026-01-14 09:30:00,1.9478,1.9512,1.944,1.9449,26405.94,APT/USDT:USDT
2026-01-14 09:45:00,1.9449,1.9565,1.9449,1.9553,32535.22,APT/USDT:USDT
2026-01-14 10:00:00,1.9553,1.9583,1.9522,1.9574,33329.88,APT/USDT:USDT
2026-01-14 10:15:00,1.9574,1.9579,1.9372,1.9406,140563.39,APT/USDT:USDT
2026-01-14 10:30:00,1.9406,1.9425,1.9351,1.942,88077.69,APT/USDT:USDT
2026-01-14 10:45:00,1.942,1.9441,1.9395,1.9405,60896.71,APT/USDT:USDT
2026-01-14 11:00:00,1.9405,1.9426,1.9363,1.9387,107151.18,APT/USDT:USDT
2026-01-14 11:15:00,1.9387,1.9396,1.93,1.9386,299820.48,APT/USDT:USDT
2026-01-14 11:30:00,1.9386,1.9428,1.935,1.9372,39092.22,APT/USDT:USDT
2026-01-14 11:45:00,1.9372,1.9376,1.9264,1.9299,32976.92,APT/USDT:USDT
2026-01-14 12:00:00,1.9299,1.9411,1.9295,1.9403,35218.76,APT/USDT:USDT
2026-01-14 12:15:00,1.9403,1.9406,1.9353,1.9353,11690.5,APT/USDT:USDT
2026-01-14 12:30:00,1.9353,1.939,1.9279,1.9333,60875.54,APT/USDT:USDT
2026-01-14 12:45:00,1.9333,1.9336,1.9279,1.9284,23727.3,APT/USDT:USDT
2026-01-14 13:00:00,1.9284,1.9286,1.917,1.9221,177338.36,APT/USDT:USDT
2026-01-14 13:15:00,1.9221,1.9292,1.9212,1.9255,35602.06,APT/USDT:USDT
2026-01-14 13:30:00,1.9255,1.9255,1.9155,1.9155,38476.65,APT/USDT:USDT
2026-01-14 13:45:00,1.9155,1.9155,1.9038,1.9074,147649.71,APT/USDT:USDT
2026-01-14 14:00:00,1.9074,1.9263,1.9055,1.9235,115529.59,APT/USDT:USDT
2026-01-14 14:15:00,1.9235,1.93,1.9215,1.9255,82775.0,APT/USDT:USDT
2026-01-14 14:30:00,1.9255,1.937,1.9218,1.9306,137566.44,APT/USDT:USDT
2026-01-14 14:45:00,1.9306,1.9455,1.929,1.9358,171518.63,APT/USDT:USDT
2026-01-14 15:00:00,1.9358,1.9482,1.9231,1.9462,238895.15,APT/USDT:USDT
2026-01-14 15:15:00,1.9462,1.9565,1.9428,1.9465,167741.38,APT/USDT:USDT
2026-01-14 15:30:00,1.9465,1.9503,1.934,1.9391,122096.68,APT/USDT:USDT
2026-01-14 15:45:00,1.9391,1.9478,1.9382,1.9478,45139.01,APT/USDT:USDT
2026-01-14 16:00:00,1.9478,1.9693,1.9457,1.9676,300430.78,APT/USDT:USDT
2026-01-14 16:15:00,1.9676,1.969,1.9545,1.9593,119132.23,APT/USDT:USDT
2026-01-14 16:30:00,1.9593,1.9699,1.9423,1.9541,304098.52,APT/USDT:USDT
2026-01-14 16:45:00,1.9541,1.9605,1.9462,1.9502,143101.19,APT/USDT:USDT
2026-01-14 17:00:00,1.9502,1.9543,1.945,1.9488,80258.56,APT/USDT:USDT
2026-01-14 17:15:00,1.9488,1.9543,1.9412,1.9424,116151.45,APT/USDT:USDT
2026-01-14 17:30:00,1.9424,1.9424,1.9244,1.9362,231719.22,APT/USDT:USDT
2026-01-14 17:45:00,1.9362,1.9399,1.9255,1.9351,80258.47,APT/USDT:USDT
2026-01-14 18:00:00,1.9351,1.938,1.9281,1.9309,55653.79,APT/USDT:USDT
2026-01-14 18:15:00,1.9309,1.9309,1.9137,1.9272,210725.2,APT/USDT:USDT
2026-01-14 18:30:00,1.9272,1.93,1.8929,1.904,368280.18,APT/USDT:USDT
2026-01-14 18:45:00,1.904,1.9212,1.899,1.9152,130621.36,APT/USDT:USDT
2026-01-14 19:00:00,1.9152,1.9249,1.9129,1.9236,101922.4,APT/USDT:USDT
2026-01-14 19:15:00,1.9236,1.9487,1.9232,1.9477,174127.97,APT/USDT:USDT
2026-01-14 19:30:00,1.9477,1.9514,1.9373,1.9397,80041.21,APT/USDT:USDT
2026-01-14 19:45:00,1.9397,1.9448,1.9375,1.9402,43158.93,APT/USDT:USDT
2026-01-14 20:00:00,1.9402,1.9489,1.9379,1.9406,87647.7,APT/USDT:USDT
2026-01-14 20:15:00,1.9406,1.9434,1.9287,1.9302,73805.25,APT/USDT:USDT
2026-01-14 20:30:00,1.9302,1.9397,1.9302,1.9313,42843.49,APT/USDT:USDT
2026-01-14 20:45:00,1.9313,1.9361,1.9271,1.9358,41336.3,APT/USDT:USDT
2026-01-14 21:00:00,1.9358,1.9416,1.9338,1.9352,35491.11,APT/USDT:USDT
2026-01-14 21:15:00,1.9352,1.946,1.9326,1.9439,41544.14,APT/USDT:USDT
2026-01-14 21:30:00,1.9439,1.9451,1.9338,1.9354,43595.08,APT/USDT:USDT
2026-01-14 21:45:00,1.9354,1.9372,1.9281,1.9372,79585.74,APT/USDT:USDT
2026-01-14 22:00:00,1.9372,1.9417,1.9344,1.9391,90344.93,APT/USDT:USDT
2026-01-14 22:15:00,1.9391,1.9401,1.9313,1.9318,25057.24,APT/USDT:USDT
2026-01-14 22:30:00,1.9318,1.9349,1.9191,1.9212,24825.19,APT/USDT:USDT
2026-01-14 22:45:00,1.9212,1.9296,1.9212,1.9258,60162.73,APT/USDT:USDT
2026-01-14 23:00:00,1.9258,1.9355,1.9244,1.9353,29690.73,APT/USDT:USDT
2026-01-14 23:15:00,1.9353,1.9437,1.9309,1.9316,63195.22,APT/USDT:USDT
2026-01-14 23:30:00,1.9316,1.933,1.9275,1.9327,24304.13,APT/USDT:USDT
2026-01-14 23:45:00,1.9327,1.9369,1.9319,1.9329,15278.43,APT/USDT:USDT
2026-01-15 00:00:00,1.9329,1.9374,1.9279,1.9363,70647.2,APT/USDT:USDT
2026-01-15 00:15:00,1.9363,1.9365,1.9306,1.9339,54596.12,APT/USDT:USDT
2026-01-15 00:30:00,1.9339,1.9399,1.928,1.9369,58827.27,APT/USDT:USDT
2026-01-15 00:45:00,1.9369,1.937,1.9274,1.9339,53666.42,APT/USDT:USDT
2026-01-15 01:00:00,1.9339,1.9482,1.9339,1.9388,50554.21,APT/USDT:USDT
2026-01-15 01:15:00,1.9388,1.9408,1.9319,1.9358,49665.35,APT/USDT:USDT
2026-01-15 01:30:00,1.9358,1.9402,1.9282,1.9374,42601.32,APT/USDT:USDT
2026-01-15 01:45:00,1.9374,1.9375,1.9265,1.928,25823.75,APT/USDT:USDT
2026-01-15 02:00:00,1.928,1.9298,1.9213,1.9231,27329.03,APT/USDT:USDT
2026-01-15 02:15:00,1.9231,1.9316,1.9216,1.9256,27363.45,APT/USDT:USDT
2026-01-15 02:30:00,1.9256,1.9277,1.9139,1.9201,49939.64,APT/USDT:USDT
2026-01-15 02:45:00,1.9201,1.9202,1.9082,1.9119,59794.98,APT/USDT:USDT
2026-01-15 03:00:00,1.9119,1.9179,1.9095,1.9119,69113.36,APT/USDT:USDT
2026-01-15 03:15:00,1.9119,1.9156,1.8771,1.8822,582936.58,APT/USDT:USDT
2026-01-15 03:30:00,1.8822,1.8895,1.8774,1.8832,178309.02,APT/USDT:USDT
2026-01-15 03:45:00,1.8832,1.8881,1.8799,1.884,54775.29,APT/USDT:USDT
2026-01-15 04:00:00,1.884,1.8965,1.8808,1.8959,57788.68,APT/USDT:USDT
2026-01-15 04:15:00,1.8959,1.9012,1.8901,1.8966,60873.74,APT/USDT:USDT
2026-01-15 04:30:00,1.8966,1.9019,1.8949,1.8977,31665.46,APT/USDT:USDT
2026-01-15 04:45:00,1.8977,1.899,1.8947,1.8986,33940.35,APT/USDT:USDT
2026-01-15 05:00:00,1.8986,1.907,1.8974,1.8975,54290.16,APT/USDT:USDT
2026-01-15 05:15:00,1.8975,1.902,1.8922,1.8943,101281.7,APT/USDT:USDT
2026-01-15 05:30:00,1.8943,1.9006,1.8943,1.9003,35023.83,APT/USDT:USDT
2026-01-15 05:45:00,1.9003,1.9026,1.8958,1.8977,49101.1,APT/USDT:USDT
2026-01-15 06:00:00,1.8977,1.9034,1.8962,1.8993,36467.26,APT/USDT:USDT
2026-01-15 06:15:00,1.8993,1.9061,1.8987,1.9025,87608.4,APT/USDT:USDT
2026-01-15 06:30:00,1.9025,1.9036,1.8958,1.8959,35484.85,APT/USDT:USDT
2026-01-15 06:45:00,1.8959,1.8995,1.8933,1.8937,53481.47,APT/USDT:USDT
2026-01-15 07:00:00,1.8937,1.8992,1.8935,1.8966,47215.98,APT/USDT:USDT
2026-01-15 07:15:00,1.8966,1.9167,1.8966,1.9143,64076.61,APT/USDT:USDT
2026-01-15 07:30:00,1.9143,1.9243,1.9116,1.9231,104563.88,APT/USDT:USDT
2026-01-15 07:45:00,1.9231,1.9279,1.9143,1.9154,132667.24,APT/USDT:USDT
2026-01-15 08:00:00,1.9154,1.9158,1.9103,1.9125,65461.93,APT/USDT:USDT
2026-01-15 08:15:00,1.9125,1.9163,1.9039,1.904,43062.49,APT/USDT:USDT
2026-01-15 08:30:00,1.904,1.9188,1.9021,1.9165,164226.59,APT/USDT:USDT
2026-01-15 08:45:00,1.9165,1.9188,1.9149,1.9168,22152.21,APT/USDT:USDT
2026-01-15 09:00:00,1.9168,1.9179,1.9125,1.9129,62228.75,APT/USDT:USDT
2026-01-15 09:15:00,1.9129,1.9198,1.9104,1.9176,51742.03,APT/USDT:USDT
2026-01-15 09:30:00,1.9176,1.923,1.9123,1.923,89748.38,APT/USDT:USDT
2026-01-15 09:45:00,1.923,1.9231,1.9167,1.9172,33509.13,APT/USDT:USDT
2026-01-15 10:00:00,1.9172,1.9207,1.912,1.9146,52635.1,APT/USDT:USDT
2026-01-15 10:15:00,1.9146,1.9211,1.9068,1.9084,99233.31,APT/USDT:USDT
2026-01-15 10:30:00,1.9084,1.9109,1.9071,1.9096,34492.66,APT/USDT:USDT
2026-01-15 10:45:00,1.9096,1.9166,1.9096,1.9157,37160.73,APT/USDT:USDT
2026-01-15 11:00:00,1.9157,1.9219,1.9146,1.9217,26664.77,APT/USDT:USDT
2026-01-15 11:15:00,1.9217,1.9221,1.9174,1.9192,24790.02,APT/USDT:USDT
2026-01-15 11:30:00,1.9192,1.9227,1.9046,1.9085,138421.69,APT/USDT:USDT
2026-01-15 11:45:00,1.9085,1.9092,1.9056,1.9088,54763.61,APT/USDT:USDT
2026-01-15 12:00:00,1.9088,1.9142,1.9062,1.9123,36875.71,APT/USDT:USDT
2026-01-15 12:15:00,1.9123,1.9138,1.9072,1.9108,35864.44,APT/USDT:USDT
2026-01-15 12:30:00,1.9108,1.9174,1.9092,1.9102,66945.11,APT/USDT:USDT
2026-01-15 12:45:00,1.9102,1.9155,1.9093,1.9142,15123.17,APT/USDT:USDT
2026-01-15 13:00:00,1.9142,1.915,1.9103,1.9121,37808.12,APT/USDT:USDT
2026-01-15 13:15:00,1.9121,1.924,1.9119,1.9229,174118.17,APT/USDT:USDT
2026-01-15 13:30:00,1.9229,1.9238,1.9111,1.9214,69979.47,APT/USDT:USDT
2026-01-15 13:45:00,1.9214,1.9284,1.9179,1.919,131239.58,APT/USDT:USDT
2026-01-15 14:00:00,1.919,1.928,1.9163,1.9247,120505.33,APT/USDT:USDT
2026-01-15 14:15:00,1.9247,1.9253,1.9065,1.9075,114402.84,APT/USDT:USDT
2026-01-15 14:30:00,1.9075,1.9118,1.8873,1.89,271234.12,APT/USDT:USDT
2026-01-15 14:45:00,1.89,1.9023,1.88,1.8923,219453.82,APT/USDT:USDT
2026-01-15 15:00:00,1.8923,1.9018,1.8897,1.8926,106721.02,APT/USDT:USDT
2026-01-15 15:15:00,1.8926,1.8952,1.8639,1.867,522811.26,APT/USDT:USDT
2026-01-15 15:30:00,1.867,1.8724,1.8467,1.8535,218645.41,APT/USDT:USDT
2026-01-15 15:45:00,1.8535,1.8603,1.8309,1.8594,554963.69,APT/USDT:USDT
2026-01-15 16:00:00,1.8594,1.8619,1.8405,1.8517,122480.17,APT/USDT:USDT
2026-01-15 16:15:00,1.8517,1.8589,1.8474,1.852,71684.61,APT/USDT:USDT
2026-01-15 16:30:00,1.852,1.8644,1.847,1.8579,98503.95,APT/USDT:USDT
2026-01-15 16:45:00,1.8579,1.8615,1.8536,1.8542,52821.31,APT/USDT:USDT
2026-01-15 17:00:00,1.8542,1.8563,1.8408,1.8426,63634.59,APT/USDT:USDT
2026-01-15 17:15:00,1.8426,1.8456,1.8402,1.8456,61236.36,APT/USDT:USDT
2026-01-15 17:30:00,1.8456,1.8533,1.8449,1.8497,46224.24,APT/USDT:USDT
2026-01-15 17:45:00,1.8497,1.8504,1.8272,1.8312,210687.93,APT/USDT:USDT
2026-01-15 18:00:00,1.8312,1.836,1.8175,1.8204,180835.4,APT/USDT:USDT
2026-01-15 18:15:00,1.8204,1.8218,1.8122,1.8185,151143.78,APT/USDT:USDT
2026-01-15 18:30:00,1.8185,1.8218,1.8017,1.8096,176599.53,APT/USDT:USDT
2026-01-15 18:45:00,1.8096,1.8114,1.8029,1.8038,70060.26,APT/USDT:USDT
2026-01-15 19:00:00,1.8038,1.8038,1.784,1.786,445655.56,APT/USDT:USDT
2026-01-15 19:15:00,1.786,1.7942,1.762,1.7667,696758.4,APT/USDT:USDT
2026-01-15 19:30:00,1.7667,1.7837,1.7639,1.7732,339772.2,APT/USDT:USDT
2026-01-15 19:45:00,1.7732,1.7867,1.7726,1.7831,356790.1,APT/USDT:USDT
2026-01-15 20:00:00,1.7831,1.7967,1.7804,1.7936,191728.55,APT/USDT:USDT
2026-01-15 20:15:00,1.7936,1.7973,1.7815,1.784,126602.39,APT/USDT:USDT
2026-01-15 20:30:00,1.784,1.7893,1.7812,1.784,86945.5,APT/USDT:USDT
2026-01-15 20:45:00,1.784,1.7841,1.7773,1.7818,84643.22,APT/USDT:USDT
2026-01-15 21:00:00,1.7818,1.7923,1.7796,1.7885,55393.79,APT/USDT:USDT
2026-01-15 21:15:00,1.7885,1.7912,1.7874,1.7881,32207.08,APT/USDT:USDT
2026-01-15 21:30:00,1.7881,1.7906,1.7861,1.7889,38375.71,APT/USDT:USDT
2026-01-15 21:45:00,1.7889,1.7978,1.7889,1.7968,128270.71,APT/USDT:USDT
2026-01-15 22:00:00,1.7968,1.813,1.7963,1.8053,357034.37,APT/USDT:USDT
2026-01-15 22:15:00,1.8053,1.8071,1.8031,1.8043,66033.57,APT/USDT:USDT
2026-01-15 22:30:00,1.8043,1.8083,1.7955,1.7964,121178.6,APT/USDT:USDT
2026-01-15 22:45:00,1.7964,1.7989,1.7933,1.7986,36485.99,APT/USDT:USDT
2026-01-15 23:00:00,1.7986,1.7999,1.7919,1.7986,36760.53,APT/USDT:USDT
2026-01-15 23:15:00,1.7986,1.8027,1.7979,1.7983,30179.52,APT/USDT:USDT
2026-01-15 23:30:00,1.7983,1.7995,1.7961,1.7967,37735.92,APT/USDT:USDT
2026-01-15 23:45:00,1.7967,1.8039,1.7963,1.8007,66905.36,APT/USDT:USDT
2026-01-16 00:00:00,1.8007,1.8077,1.7959,1.7959,102293.82,APT/USDT:USDT
2026-01-16 00:15:00,1.7959,1.8064,1.7959,1.8034,50389.82,APT/USDT:USDT
2026-01-16 00:30:00,1.8034,1.8041,1.7987,1.8016,84379.2,APT/USDT:USDT
2026-01-16 00:45:00,1.8016,1.802,1.7961,1.7965,38574.04,APT/USDT:USDT
2026-01-16 01:00:00,1.7965,1.7984,1.7932,1.7937,39700.59,APT/USDT:USDT
2026-01-16 01:15:00,1.7937,1.7964,1.7876,1.7886,48457.95,APT/USDT:USDT
2026-01-16 01:30:00,1.7886,1.7979,1.7885,1.7925,49112.02,APT/USDT:USDT
2026-01-16 01:45:00,1.7925,1.7973,1.7915,1.7941,31992.23,APT/USDT:USDT
2026-01-16 02:00:00,1.7941,1.7943,1.7835,1.7919,125972.46,APT/USDT:USDT
2026-01-16 02:15:00,1.7919,1.8059,1.7881,1.805,105362.34,APT/USDT:USDT
2026-01-16 02:30:00,1.805,1.8067,1.7981,1.8048,38429.55,APT/USDT:USDT
2026-01-16 02:45:00,1.8048,1.8087,1.8026,1.8079,25469.94,APT/USDT:USDT
2026-01-16 03:00:00,1.8079,1.8091,1.8031,1.8042,34826.26,APT/USDT:USDT
2026-01-16 03:15:00,1.8042,1.8042,1.7969,1.797,43884.76,APT/USDT:USDT
2026-01-16 03:30:00,1.797,1.797,1.7896,1.7938,53495.83,APT/USDT:USDT
2026-01-16 03:45:00,1.7938,1.7959,1.793,1.7941,18760.57,APT/USDT:USDT
2026-01-16 04:00:00,1.7941,1.7954,1.7923,1.7926,15904.54,APT/USDT:USDT
2026-01-16 04:15:00,1.7926,1.7964,1.79,1.79,47253.88,APT/USDT:USDT
2026-01-16 04:30:00,1.79,1.794,1.7867,1.7891,78220.5,APT/USDT:USDT
2026-01-16 04:45:00,1.7891,1.7905,1.7784,1.7842,156144.76,APT/USDT:USDT
2026-01-16 05:00:00,1.7842,1.7925,1.7834,1.7897,77286.8,APT/USDT:USDT
2026-01-16 05:15:00,1.7897,1.7946,1.7881,1.791,37431.9,APT/USDT:USDT
2026-01-16 05:30:00,1.791,1.7962,1.7848,1.7949,76621.73,APT/USDT:USDT
2026-01-16 05:45:00,1.7949,1.8016,1.7946,1.7989,79239.81,APT/USDT:USDT
2026-01-16 06:00:00,1.7989,1.8011,1.7927,1.7941,61962.75,APT/USDT:USDT
2026-01-16 06:15:00,1.7941,1.7989,1.7937,1.7962,58588.92,APT/USDT:USDT
2026-01-16 06:30:00,1.7962,1.8035,1.7946,1.802,68105.22,APT/USDT:USDT
2026-01-16 06:45:00,1.802,1.8068,1.8006,1.8068,154778.98,APT/USDT:USDT
2026-01-16 07:00:00,1.8068,1.8102,1.8007,1.8089,61478.23,APT/USDT:USDT
2026-01-16 07:15:00,1.8089,1.8094,1.803,1.8031,86019.73,APT/USDT:USDT
2026-01-16 07:30:00,1.8031,1.8037,1.7964,1.7974,58291.65,APT/USDT:USDT
2026-01-16 07:45:00,1.7974,1.8012,1.7974,1.8006,33887.88,APT/USDT:USDT
2026-01-16 08:00:00,1.8006,1.8066,1.7991,1.8029,74867.33,APT/USDT:USDT
2026-01-16 08:15:00,1.8029,1.8068,1.8005,1.8033,59429.99,APT/USDT:USDT
2026-01-16 08:30:00,1.8033,1.8059,1.8002,1.8027,28860.52,APT/USDT:USDT
2026-01-16 08:45:00,1.8027,1.8053,1.8007,1.8041,42470.93,APT/USDT:USDT
2026-01-16 09:00:00,1.8041,1.8045,1.8007,1.8045,45514.98,APT/USDT:USDT
2026-01-16 09:15:00,1.8045,1.805,1.8006,1.8031,30767.67,APT/USDT:USDT
2026-01-16 09:30:00,1.8031,1.8091,1.8018,1.8091,168789.29,APT/USDT:USDT
2026-01-16 09:45:00,1.8091,1.8091,1.8027,1.8045,55352.96,APT/USDT:USDT
2026-01-16 10:00:00,1.8045,1.805,1.7979,1.8011,98594.31,APT/USDT:USDT
2026-01-16 10:15:00,1.8011,1.8019,1.7976,1.7976,42231.06,APT/USDT:USDT
2026-01-16 10:30:00,1.7976,1.7976,1.7901,1.7919,68060.89,APT/USDT:USDT
2026-01-16 10:45:00,1.7919,1.794,1.7911,1.792,39870.11,APT/USDT:USDT
2026-01-16 11:00:00,1.792,1.7944,1.7875,1.7879,46186.83,APT/USDT:USDT
2026-01-16 11:15:00,1.7879,1.7921,1.785,1.7905,74971.29,APT/USDT:USDT
2026-01-16 11:30:00,1.7905,1.793,1.7864,1.7864,17148.79,APT/USDT:USDT
2026-01-16 11:45:00,1.7864,1.7927,1.7863,1.7927,38130.99,APT/USDT:USDT
2026-01-16 12:00:00,1.7927,1.7957,1.7896,1.791,63328.63,APT/USDT:USDT
2026-01-16 12:15:00,1.791,1.7922,1.7885,1.7921,65132.86,APT/USDT:USDT
2026-01-16 12:30:00,1.7921,1.7921,1.7812,1.7826,107189.07,APT/USDT:USDT
2026-01-16 12:45:00,1.7826,1.7847,1.7812,1.7847,50916.09,APT/USDT:USDT
2026-01-16 13:00:00,1.7847,1.7848,1.78,1.7841,66618.32,APT/USDT:USDT
2026-01-16 13:15:00,1.7841,1.7848,1.7793,1.7818,92794.06,APT/USDT:USDT
2026-01-16 13:30:00,1.7818,1.784,1.774,1.7823,158438.22,APT/USDT:USDT
2026-01-16 13:45:00,1.7823,1.7839,1.7794,1.781,31033.87,APT/USDT:USDT
2026-01-16 14:00:00,1.781,1.7854,1.7799,1.7816,46500.93,APT/USDT:USDT
2026-01-16 14:15:00,1.7816,1.7896,1.7791,1.7896,94056.45,APT/USDT:USDT
2026-01-16 14:30:00,1.7896,1.7915,1.7811,1.785,123714.53,APT/USDT:USDT
2026-01-16 14:45:00,1.785,1.7926,1.7802,1.7808,109988.19,APT/USDT:USDT
2026-01-16 15:00:00,1.7808,1.7899,1.7767,1.7866,107147.11,APT/USDT:USDT
2026-01-16 15:15:00,1.7866,1.7871,1.7596,1.7619,369392.76,APT/USDT:USDT
2026-01-16 15:30:00,1.7619,1.7654,1.7479,1.7577,521918.03,APT/USDT:USDT
2026-01-16 15:45:00,1.7577,1.7586,1.7477,1.7541,152934.42,APT/USDT:USDT
2026-01-16 16:00:00,1.7541,1.7605,1.7509,1.7594,150748.32,APT/USDT:USDT
2026-01-16 16:15:00,1.7594,1.7721,1.7541,1.7691,172300.6,APT/USDT:USDT
2026-01-16 16:30:00,1.7691,1.7692,1.7585,1.7664,176571.48,APT/USDT:USDT
2026-01-16 16:45:00,1.7664,1.7699,1.758,1.7587,97413.47,APT/USDT:USDT
2026-01-16 17:00:00,1.7587,1.7605,1.7508,1.7533,50809.2,APT/USDT:USDT
2026-01-16 17:15:00,1.7533,1.7553,1.7458,1.752,143240.03,APT/USDT:USDT
2026-01-16 17:30:00,1.752,1.7658,1.7519,1.7647,86301.98,APT/USDT:USDT
2026-01-16 17:45:00,1.7647,1.7685,1.7622,1.7673,48784.57,APT/USDT:USDT
2026-01-16 18:00:00,1.7673,1.7713,1.7662,1.7662,73495.48,APT/USDT:USDT
2026-01-16 18:15:00,1.7662,1.772,1.7645,1.768,75085.97,APT/USDT:USDT
2026-01-16 18:30:00,1.768,1.7707,1.7643,1.7677,43119.92,APT/USDT:USDT
2026-01-16 18:45:00,1.7677,1.7695,1.7626,1.767,46147.79,APT/USDT:USDT
2026-01-16 19:00:00,1.767,1.767,1.7575,1.758,91715.89,APT/USDT:USDT
2026-01-16 19:15:00,1.758,1.762,1.7557,1.7578,30022.79,APT/USDT:USDT
2026-01-16 19:30:00,1.7578,1.7718,1.7578,1.7696,44755.44,APT/USDT:USDT
2026-01-16 19:45:00,1.7696,1.7721,1.7686,1.7698,30480.08,APT/USDT:USDT
2026-01-16 20:00:00,1.7698,1.7709,1.7639,1.7705,51580.34,APT/USDT:USDT
2026-01-16 20:15:00,1.7705,1.78,1.7685,1.7798,139577.08,APT/USDT:USDT
2026-01-16 20:30:00,1.7798,1.787,1.7767,1.7868,100397.87,APT/USDT:USDT
2026-01-16 20:45:00,1.7868,1.7908,1.7859,1.7898,51336.11,APT/USDT:USDT
2026-01-16 21:00:00,1.7898,1.7994,1.7869,1.793,136354.15,APT/USDT:USDT
2026-01-16 21:15:00,1.793,1.7998,1.7902,1.7949,138132.73,APT/USDT:USDT
2026-01-16 21:30:00,1.7949,1.7988,1.7945,1.7966,59335.85,APT/USDT:USDT
2026-01-16 21:45:00,1.7966,1.7978,1.7877,1.7886,66649.93,APT/USDT:USDT
2026-01-16 22:00:00,1.7886,1.7899,1.7815,1.7861,149740.63,APT/USDT:USDT
2026-01-16 22:15:00,1.7861,1.7905,1.7851,1.7862,103624.25,APT/USDT:USDT
2026-01-16 22:30:00,1.7862,1.7891,1.7828,1.7845,36716.43,APT/USDT:USDT
2026-01-16 22:45:00,1.7845,1.7885,1.7838,1.7885,75809.05,APT/USDT:USDT
2026-01-16 23:00:00,1.7885,1.7908,1.7854,1.7898,38071.58,APT/USDT:USDT
2026-01-16 23:15:00,1.7898,1.7936,1.7881,1.7921,20690.22,APT/USDT:USDT
2026-01-16 23:30:00,1.7921,1.793,1.7863,1.787,20889.85,APT/USDT:USDT
2026-01-16 23:45:00,1.787,1.7903,1.787,1.7879,13148.45,APT/USDT:USDT
2026-01-17 00:00:00,1.7879,1.792,1.7878,1.7906,60333.8,APT/USDT:USDT
2026-01-17 00:15:00,1.7906,1.7978,1.7896,1.7915,170111.19,APT/USDT:USDT
2026-01-17 00:30:00,1.7915,1.7949,1.7853,1.7912,191104.9,APT/USDT:USDT
2026-01-17 00:45:00,1.7912,1.7973,1.7906,1.7947,105517.45,APT/USDT:USDT
2026-01-17 01:00:00,1.7947,1.8064,1.7944,1.8014,172452.82,APT/USDT:USDT
2026-01-17 01:15:00,1.8014,1.8057,1.7989,1.8049,54508.3,APT/USDT:USDT
2026-01-17 01:30:00,1.8049,1.8049,1.7998,1.8012,24457.38,APT/USDT:USDT
2026-01-17 01:45:00,1.8012,1.806,1.8007,1.805,20202.84,APT/USDT:USDT
2026-01-17 02:00:00,1.805,1.8074,1.7971,1.7989,157779.65,APT/USDT:USDT
2026-01-17 02:15:00,1.7989,1.8009,1.7962,1.7973,52411.68,APT/USDT:USDT
2026-01-17 02:30:00,1.7973,1.798,1.7933,1.7934,18704.67,APT/USDT:USDT
2026-01-17 02:45:00,1.7934,1.7982,1.7929,1.7979,68618.45,APT/USDT:USDT
2026-01-17 03:00:00,1.7979,1.8019,1.7965,1.8007,38030.52,APT/USDT:USDT
2026-01-17 03:15:00,1.8007,1.8072,1.8006,1.8048,54604.54,APT/USDT:USDT
2026-01-17 03:30:00,1.8048,1.8058,1.8,1.8057,30878.8,APT/USDT:USDT
2026-01-17 03:45:00,1.8057,1.8081,1.8027,1.8069,24187.82,APT/USDT:USDT
2026-01-17 04:00:00,1.8069,1.8071,1.799,1.802,38434.51,APT/USDT:USDT
2026-01-17 04:15:00,1.802,1.8048,1.7998,1.8048,15098.27,APT/USDT:USDT
2026-01-17 04:30:00,1.8048,1.8099,1.8048,1.8093,40690.62,APT/USDT:USDT
2026-01-17 04:45:00,1.8093,1.8201,1.8085,1.8201,82304.94,APT/USDT:USDT
2026-01-17 05:00:00,1.8201,1.8266,1.8201,1.8264,140422.94,APT/USDT:USDT
2026-01-17 05:15:00,1.8264,1.8298,1.8211,1.8297,113712.17,APT/USDT:USDT
2026-01-17 05:30:00,1.8297,1.8297,1.8186,1.8212,81911.28,APT/USDT:USDT
2026-01-17 05:45:00,1.8212,1.8252,1.8207,1.8209,25191.29,APT/USDT:USDT
2026-01-17 06:00:00,1.8209,1.8264,1.8209,1.8236,56327.59,APT/USDT:USDT
2026-01-17 06:15:00,1.8236,1.8236,1.817,1.8181,47389.69,APT/USDT:USDT
2026-01-17 06:30:00,1.8181,1.8186,1.8126,1.8137,68344.49,APT/USDT:USDT
2026-01-17 06:45:00,1.8137,1.8169,1.8122,1.8149,29668.62,APT/USDT:USDT
2026-01-17 07:00:00,1.8149,1.8216,1.8112,1.8205,80497.6,APT/USDT:USDT
2026-01-17 07:15:00,1.8205,1.8372,1.8199,1.8363,111349.61,APT/USDT:USDT
2026-01-17 07:30:00,1.8363,1.8565,1.8363,1.8538,303885.36,APT/USDT:USDT
2026-01-17 07:45:00,1.8538,1.863,1.8485,1.8504,396965.65,APT/USDT:USDT
2026-01-17 08:00:00,1.8504,1.8664,1.8478,1.8622,97383.19,APT/USDT:USDT
2026-01-17 08:15:00,1.8622,1.864,1.856,1.8576,79497.77,APT/USDT:USDT
2026-01-17 08:30:00,1.8576,1.8734,1.8572,1.8712,110508.18,APT/USDT:USDT
2026-01-17 08:45:00,1.8712,1.8794,1.8684,1.8697,211205.7,APT/USDT:USDT
2026-01-17 09:00:00,1.8697,1.8875,1.8697,1.8813,341348.62,APT/USDT:USDT
2026-01-17 09:15:00,1.8813,1.8815,1.866,1.8682,305998.86,APT/USDT:USDT
2026-01-17 09:30:00,1.8682,1.8713,1.859,1.8592,146392.43,APT/USDT:USDT
2026-01-17 09:45:00,1.8592,1.8613,1.853,1.8554,50830.37,APT/USDT:USDT
2026-01-17 10:00:00,1.8554,1.8554,1.8463,1.8499,87823.11,APT/USDT:USDT
2026-01-17 10:15:00,1.8499,1.8654,1.8499,1.8648,111965.26,APT/USDT:USDT
2026-01-17 10:30:00,1.8648,1.8675,1.8559,1.8563,57426.69,APT/USDT:USDT
2026-01-17 10:45:00,1.8563,1.8568,1.85,1.8548,60468.94,APT/USDT:USDT
2026-01-17 11:00:00,1.8548,1.8553,1.8467,1.848,71290.41,APT/USDT:USDT
2026-01-17 11:15:00,1.848,1.8531,1.847,1.8511,52245.86,APT/USDT:USDT
2026-01-17 11:30:00,1.8511,1.8514,1.8371,1.8387,86884.04,APT/USDT:USDT
2026-01-17 11:45:00,1.8387,1.8418,1.8352,1.8395,53700.07,APT/USDT:USDT
2026-01-17 12:00:00,1.8395,1.8471,1.839,1.8457,41464.07,APT/USDT:USDT
2026-01-17 12:15:00,1.8457,1.8592,1.8432,1.8579,48354.64,APT/USDT:USDT
2026-01-17 12:30:00,1.8579,1.8671,1.857,1.866,58690.18,APT/USDT:USDT
2026-01-17 12:45:00,1.866,1.8761,1.8605,1.8739,151699.73,APT/USDT:USDT
2026-01-17 13:00:00,1.8739,1.8774,1.8659,1.8723,81192.73,APT/USDT:USDT
2026-01-17 13:15:00,1.8723,1.8836,1.8697,1.8731,153623.91,APT/USDT:USDT
2026-01-17 13:30:00,1.8731,1.8808,1.8701,1.8702,61702.67,APT/USDT:USDT
2026-01-17 13:45:00,1.8702,1.8775,1.8665,1.8675,65354.42,APT/USDT:USDT
2026-01-17 14:00:00,1.8675,1.8744,1.865,1.8702,60824.33,APT/USDT:USDT
2026-01-17 14:15:00,1.8702,1.8713,1.8639,1.8681,36207.08,APT/USDT:USDT
2026-01-17 14:30:00,1.8681,1.8958,1.8657,1.8905,165766.28,APT/USDT:USDT
2026-01-17 14:45:00,1.8905,1.9075,1.886,1.8977,222313.49,APT/USDT:USDT
2026-01-17 15:00:00,1.8977,1.907,1.8963,1.8995,116005.37,APT/USDT:USDT
2026-01-17 15:15:00,1.8995,1.9008,1.8853,1.8898,166477.02,APT/USDT:USDT
2026-01-17 15:30:00,1.8898,1.901,1.8884,1.8946,77197.79,APT/USDT:USDT
2026-01-17 15:45:00,1.8946,1.9015,1.8936,1.8966,165549.21,APT/USDT:USDT
2026-01-17 16:00:00,1.8966,1.901,1.8916,1.8992,78920.79,APT/USDT:USDT
2026-01-17 16:15:00,1.8992,1.9,1.8845,1.8873,123603.2,APT/USDT:USDT
2026-01-17 16:30:00,1.8873,1.8887,1.8782,1.8794,81080.55,APT/USDT:USDT
2026-01-17 16:45:00,1.8794,1.8895,1.8789,1.8871,91747.03,APT/USDT:USDT
2026-01-17 17:00:00,1.8871,1.9066,1.8862,1.902,96493.99,APT/USDT:USDT
2026-01-17 17:15:00,1.902,1.9024,1.891,1.8933,219348.49,APT/USDT:USDT
2026-01-17 17:30:00,1.8933,1.8963,1.886,1.8958,57010.05,APT/USDT:USDT
2026-01-17 17:45:00,1.8958,1.8989,1.8877,1.8969,110209.85,APT/USDT:USDT
2026-01-17 18:00:00,1.8969,1.8975,1.8863,1.8952,45414.06,APT/USDT:USDT
2026-01-17 18:15:00,1.8952,1.9005,1.8928,1.893,43712.31,APT/USDT:USDT
2026-01-17 18:30:00,1.893,1.8974,1.893,1.8969,29878.81,APT/USDT:USDT
2026-01-17 18:45:00,1.8969,1.9008,1.8891,1.8918,224484.97,APT/USDT:USDT
2026-01-17 19:00:00,1.8918,1.8979,1.8893,1.8979,68603.05,APT/USDT:USDT
2026-01-17 19:15:00,1.8979,1.8988,1.8912,1.8971,67054.23,APT/USDT:USDT
2026-01-17 19:30:00,1.8971,1.8972,1.8924,1.8928,37905.95,APT/USDT:USDT
2026-01-17 19:45:00,1.8928,1.8968,1.8894,1.8961,33754.88,APT/USDT:USDT
2026-01-17 20:00:00,1.8961,1.8998,1.8914,1.8938,43462.78,APT/USDT:USDT
2026-01-17 20:15:00,1.8938,1.8976,1.8891,1.8904,128942.41,APT/USDT:USDT
2026-01-17 20:30:00,1.8904,1.8904,1.8851,1.8864,165851.89,APT/USDT:USDT
2026-01-17 20:45:00,1.8864,1.8881,1.8853,1.8874,26622.42,APT/USDT:USDT
2026-01-17 21:00:00,1.8874,1.8874,1.879,1.8797,39017.54,APT/USDT:USDT
2026-01-17 21:15:00,1.8797,1.8877,1.8796,1.8874,25376.48,APT/USDT:USDT
2026-01-17 21:30:00,1.8874,1.8874,1.8809,1.8833,23411.53,APT/USDT:USDT
2026-01-17 21:45:00,1.8833,1.888,1.8816,1.8848,43633.76,APT/USDT:USDT
2026-01-17 22:00:00,1.8848,1.8851,1.8733,1.8761,159003.24,APT/USDT:USDT
2026-01-17 22:15:00,1.8761,1.8779,1.869,1.8708,62731.46,APT/USDT:USDT
2026-01-17 22:30:00,1.8708,1.8717,1.8607,1.8648,103937.52,APT/USDT:USDT
2026-01-17 22:45:00,1.8648,1.867,1.8596,1.8647,41169.63,APT/USDT:USDT
2026-01-17 23:00:00,1.8647,1.8688,1.861,1.8669,60292.49,APT/USDT:USDT
2026-01-17 23:15:00,1.8669,1.8677,1.861,1.8626,34440.8,APT/USDT:USDT
2026-01-17 23:30:00,1.8626,1.8641,1.8603,1.8616,30096.19,APT/USDT:USDT
2026-01-17 23:45:00,1.8616,1.8636,1.86,1.8636,25409.9,APT/USDT:USDT
2026-01-18 00:00:00,1.8636,1.8803,1.8634,1.8778,175788.04,APT/USDT:USDT
2026-01-18 00:15:00,1.8778,1.8811,1.8651,1.8686,171862.58,APT/USDT:USDT
2026-01-18 00:30:00,1.8686,1.8735,1.8623,1.8642,76223.5,APT/USDT:USDT
2026-01-18 00:45:00,1.8642,1.8661,1.8606,1.8628,66210.21,APT/USDT:USDT
2026-01-18 01:00:00,1.8628,1.8655,1.8506,1.8534,117504.31,APT/USDT:USDT
2026-01-18 01:15:00,1.8534,1.8598,1.851,1.8522,35787.73,APT/USDT:USDT
2026-01-18 01:30:00,1.8522,1.8564,1.8443,1.845,166934.61,APT/USDT:USDT
2026-01-18 01:45:00,1.845,1.8464,1.8405,1.8432,66370.19,APT/USDT:USDT
2026-01-18 02:00:00,1.8432,1.8493,1.8414,1.8439,44172.57,APT/USDT:USDT
2026-01-18 02:15:00,1.8439,1.8456,1.8317,1.8351,253814.72,APT/USDT:USDT
2026-01-18 02:30:00,1.8351,1.8366,1.8302,1.8334,145162.24,APT/USDT:USDT
2026-01-18 02:45:00,1.8334,1.838,1.8328,1.8376,25509.04,APT/USDT:USDT
2026-01-18 03:00:00,1.8376,1.844,1.8359,1.8425,78184.72,APT/USDT:USDT
2026-01-18 03:15:00,1.8425,1.8429,1.8387,1.8389,15378.7,APT/USDT:USDT
2026-01-18 03:30:00,1.8389,1.8419,1.8365,1.8388,31597.87,APT/USDT:USDT
2026-01-18 03:45:00,1.8388,1.8389,1.8311,1.8312,35484.23,APT/USDT:USDT
2026-01-18 04:00:00,1.8312,1.8316,1.8231,1.8254,109983.09,APT/USDT:USDT
2026-01-18 04:15:00,1.8254,1.8262,1.8146,1.8188,230876.7,APT/USDT:USDT
2026-01-18 04:30:00,1.8188,1.8235,1.8167,1.8227,129969.34,APT/USDT:USDT
2026-01-18 04:45:00,1.8227,1.8277,1.822,1.825,61524.25,APT/USDT:USDT
2026-01-18 05:00:00,1.825,1.8276,1.8224,1.8276,125044.53,APT/USDT:USDT
2026-01-18 05:15:00,1.8276,1.8285,1.824,1.826,29032.21,APT/USDT:USDT
2026-01-18 05:30:00,1.826,1.826,1.8213,1.8228,44906.51,APT/USDT:USDT
2026-01-18 05:45:00,1.8228,1.8303,1.8227,1.827,164329.25,APT/USDT:USDT
2026-01-18 06:00:00,1.827,1.8309,1.8247,1.828,90492.34,APT/USDT:USDT
2026-01-18 06:15:00,1.828,1.8305,1.8215,1.822,49732.42,APT/USDT:USDT
2026-01-18 06:30:00,1.822,1.8245,1.8193,1.8224,68489.4,APT/USDT:USDT
2026-01-18 06:45:00,1.8224,1.8253,1.8222,1.8243,13883.59,APT/USDT:USDT
2026-01-18 07:00:00,1.8243,1.8243,1.8136,1.8146,69377.79,APT/USDT:USDT
2026-01-18 07:15:00,1.8146,1.8213,1.8146,1.8208,26584.35,APT/USDT:USDT
2026-01-18 07:30:00,1.8208,1.8256,1.8158,1.8248,49184.63,APT/USDT:USDT
2026-01-18 07:45:00,1.8248,1.8266,1.8223,1.8239,26727.46,APT/USDT:USDT
2026-01-18 08:00:00,1.8239,1.8258,1.8181,1.8206,31628.95,APT/USDT:USDT
2026-01-18 08:15:00,1.8206,1.8211,1.8165,1.8174,38006.48,APT/USDT:USDT
2026-01-18 08:30:00,1.8174,1.8226,1.8169,1.8196,39722.82,APT/USDT:USDT
2026-01-18 08:45:00,1.8196,1.8226,1.8155,1.8221,67998.92,APT/USDT:USDT
2026-01-18 09:00:00,1.8221,1.8237,1.8182,1.8206,44894.24,APT/USDT:USDT
2026-01-18 09:15:00,1.8206,1.8207,1.8117,1.8155,127420.25,APT/USDT:USDT
2026-01-18 09:30:00,1.8155,1.8222,1.8155,1.8173,39674.32,APT/USDT:USDT
2026-01-18 09:45:00,1.8173,1.821,1.8162,1.821,35018.53,APT/USDT:USDT
2026-01-18 10:00:00,1.821,1.8212,1.8149,1.8182,45010.75,APT/USDT:USDT
2026-01-18 10:15:00,1.8182,1.8211,1.8171,1.8171,56896.06,APT/USDT:USDT
2026-01-18 10:30:00,1.8171,1.8171,1.8122,1.8166,139294.98,APT/USDT:USDT
2026-01-18 10:45:00,1.8166,1.8192,1.8136,1.8178,38782.83,APT/USDT:USDT
2026-01-18 11:00:00,1.8178,1.8203,1.8102,1.8178,128242.48,APT/USDT:USDT
2026-01-18 11:15:00,1.8178,1.8196,1.816,1.818,36943.47,APT/USDT:USDT
2026-01-18 11:30:00,1.818,1.8226,1.8174,1.8187,76799.43,APT/USDT:USDT
2026-01-18 11:45:00,1.8187,1.8212,1.8157,1.8173,52738.3,APT/USDT:USDT
2026-01-18 12:00:00,1.8173,1.8179,1.8091,1.8114,83455.11,APT/USDT:USDT
2026-01-18 12:15:00,1.8114,1.8156,1.8092,1.8148,72049.79,APT/USDT:USDT
2026-01-18 12:30:00,1.8148,1.8164,1.8084,1.8147,92011.92,APT/USDT:USDT
2026-01-18 12:45:00,1.8147,1.8159,1.8038,1.806,99296.64,APT/USDT:USDT
2026-01-18 13:00:00,1.806,1.8088,1.8007,1.8058,60678.8,APT/USDT:USDT
2026-01-18 13:15:00,1.8058,1.8075,1.7916,1.7993,497733.13,APT/USDT:USDT
2026-01-18 13:30:00,1.7993,1.8069,1.7979,1.8047,140238.59,APT/USDT:USDT
2026-01-18 13:45:00,1.8047,1.8056,1.7991,1.8001,42733.93,APT/USDT:USDT
2026-01-18 14:00:00,1.8001,1.8016,1.7952,1.8009,192013.72,APT/USDT:USDT
2026-01-18 14:15:00,1.8009,1.8089,1.7984,1.7995,143954.66,APT/USDT:USDT
2026-01-18 14:30:00,1.7995,1.8032,1.7921,1.7924,87078.17,APT/USDT:USDT
2026-01-18 14:45:00,1.7924,1.7955,1.7848,1.7894,150962.15,APT/USDT:USDT
2026-01-18 15:00:00,1.7894,1.7967,1.7866,1.7958,84209.93,APT/USDT:USDT
2026-01-18 15:15:00,1.7958,1.8293,1.7947,1.8162,520728.38,APT/USDT:USDT
2026-01-18 15:30:00,1.8162,1.8305,1.8142,1.8264,177836.54,APT/USDT:USDT
2026-01-18 15:45:00,1.8264,1.8313,1.8166,1.8214,211928.45,APT/USDT:USDT
2026-01-18 16:00:00,1.8214,1.8257,1.8105,1.823,371471.2,APT/USDT:USDT
2026-01-18 16:15:00,1.823,1.8287,1.8227,1.824,99679.12,APT/USDT:USDT
2026-01-18 16:30:00,1.824,1.829,1.8204,1.8273,87574.4,APT/USDT:USDT
2026-01-18 16:45:00,1.8273,1.8294,1.8236,1.8252,33973.0,APT/USDT:USDT
2026-01-18 17:00:00,1.8252,1.8283,1.8221,1.8226,23993.39,APT/USDT:USDT
2026-01-18 17:15:00,1.8226,1.8266,1.8222,1.8244,28177.29,APT/USDT:USDT
2026-01-18 17:30:00,1.8244,1.8269,1.8169,1.8194,55006.81,APT/USDT:USDT
2026-01-18 17:45:00,1.8194,1.8276,1.8193,1.8256,48806.74,APT/USDT:USDT
2026-01-18 18:00:00,1.8256,1.8313,1.8247,1.8313,112850.54,APT/USDT:USDT
2026-01-18 18:15:00,1.8313,1.8431,1.8289,1.8426,107950.51,APT/USDT:USDT
2026-01-18 18:30:00,1.8426,1.8478,1.8407,1.8442,139689.91,APT/USDT:USDT
2026-01-18 18:45:00,1.8442,1.8516,1.8442,1.8467,49052.19,APT/USDT:USDT
2026-01-18 19:00:00,1.8467,1.8493,1.8411,1.843,48034.57,APT/USDT:USDT
2026-01-18 19:15:00,1.843,1.8441,1.8361,1.8366,37604.61,APT/USDT:USDT
2026-01-18 19:30:00,1.8366,1.8367,1.8333,1.8346,26799.0,APT/USDT:USDT
2026-01-18 19:45:00,1.8346,1.8376,1.8259,1.8291,88294.45,APT/USDT:USDT
2026-01-18 20:00:00,1.8291,1.8302,1.8253,1.8288,27652.03,APT/USDT:USDT
2026-01-18 20:15:00,1.8288,1.8452,1.8288,1.8451,109619.43,APT/USDT:USDT
2026-01-18 20:30:00,1.8451,1.8457,1.8325,1.8351,173166.33,APT/USDT:USDT
2026-01-18 20:45:00,1.8351,1.8358,1.8304,1.8332,26855.06,APT/USDT:USDT
2026-01-18 21:00:00,1.8332,1.8367,1.8321,1.8342,41608.95,APT/USDT:USDT
2026-01-18 21:15:00,1.8342,1.8351,1.8305,1.8309,31646.34,APT/USDT:USDT
2026-01-18 21:30:00,1.8309,1.8317,1.8246,1.8259,43189.34,APT/USDT:USDT
2026-01-18 21:45:00,1.8259,1.8318,1.8259,1.8298,22619.81,APT/USDT:USDT
2026-01-18 22:00:00,1.8298,1.841,1.8298,1.8393,136705.64,APT/USDT:USDT
2026-01-18 22:15:00,1.8393,1.8397,1.8285,1.8307,91762.53,APT/USDT:USDT
2026-01-18 22:30:00,1.8307,1.8333,1.8282,1.831,19028.75,APT/USDT:USDT
2026-01-18 22:45:00,1.831,1.8354,1.8306,1.8354,6578.15,APT/USDT:USDT
2026-01-18 23:00:00,1.8354,1.8355,1.8085,1.8085,275904.92,APT/USDT:USDT
2026-01-18 23:15:00,1.8085,1.8115,1.7756,1.7757,552185.83,APT/USDT:USDT
2026-01-18 23:30:00,1.7757,1.7845,1.7705,1.7734,624724.41,APT/USDT:USDT
2026-01-18 23:45:00,1.7734,1.7734,1.717,1.7223,1649295.07,APT/USDT:USDT
2026-01-19 00:00:00,1.7223,1.7223,1.5101,1.6161,7618641.1,APT/USDT:USDT
2026-01-19 00:15:00,1.6161,1.6326,1.6014,1.6119,1263963.66,APT/USDT:USDT
2026-01-19 00:30:00,1.6119,1.6222,1.6006,1.6181,761041.51,APT/USDT:USDT
2026-01-19 00:45:00,1.6181,1.6286,1.6121,1.62,277892.5,APT/USDT:USDT
2026-01-19 01:00:00,1.62,1.6372,1.615,1.6371,302914.81,APT/USDT:USDT
2026-01-19 01:15:00,1.6371,1.6411,1.629,1.6388,185595.75,APT/USDT:USDT
2026-01-19 01:30:00,1.6388,1.6502,1.636,1.6407,198367.51,APT/USDT:USDT
2026-01-19 01:45:00,1.6407,1.6429,1.6332,1.6412,169922.34,APT/USDT:USDT
2026-01-19 02:00:00,1.6412,1.6439,1.6328,1.6371,121845.05,APT/USDT:USDT
2026-01-19 02:15:00,1.6371,1.6494,1.6364,1.6465,102956.1,APT/USDT:USDT
2026-01-19 02:30:00,1.6465,1.652,1.6434,1.6439,78256.77,APT/USDT:USDT
2026-01-19 02:45:00,1.6439,1.6473,1.6381,1.644,46526.77,APT/USDT:USDT
2026-01-19 03:00:00,1.644,1.6445,1.6381,1.6392,85105.28,APT/USDT:USDT
2026-01-19 03:15:00,1.6392,1.6465,1.6388,1.6438,79863.25,APT/USDT:USDT
2026-01-19 03:30:00,1.6438,1.6458,1.6368,1.6444,79352.53,APT/USDT:USDT
2026-01-19 03:45:00,1.6444,1.6519,1.6409,1.6471,90718.77,APT/USDT:USDT
2026-01-19 04:00:00,1.6471,1.6471,1.638,1.639,101494.11,APT/USDT:USDT
2026-01-19 04:15:00,1.639,1.6407,1.6352,1.6373,89263.15,APT/USDT:USDT
2026-01-19 04:30:00,1.6373,1.6387,1.6293,1.6296,98541.17,APT/USDT:USDT
2026-01-19 04:45:00,1.6296,1.6307,1.6232,1.6255,145153.66,APT/USDT:USDT
2026-01-19 05:00:00,1.6255,1.6325,1.6211,1.6217,141017.5,APT/USDT:USDT
2026-01-19 05:15:00,1.6217,1.6243,1.6197,1.6233,159165.01,APT/USDT:USDT
2026-01-19 05:30:00,1.6233,1.6339,1.6229,1.6283,173363.55,APT/USDT:USDT
2026-01-19 05:45:00,1.6283,1.6381,1.627,1.6368,80219.18,APT/USDT:USDT
2026-01-19 06:00:00,1.6368,1.6391,1.6333,1.6339,56821.28,APT/USDT:USDT
2026-01-19 06:15:00,1.6339,1.6408,1.6281,1.6402,126968.71,APT/USDT:USDT
2026-01-19 06:30:00,1.6402,1.6435,1.6243,1.6256,114220.11,APT/USDT:USDT
2026-01-19 06:45:00,1.6256,1.6269,1.6219,1.6232,68511.1,APT/USDT:USDT
2026-01-19 07:00:00,1.6232,1.6249,1.6127,1.6148,175705.28,APT/USDT:USDT
2026-01-19 07:15:00,1.6148,1.6191,1.6147,1.616,175429.49,APT/USDT:USDT
2026-01-19 07:30:00,1.616,1.6212,1.6146,1.6179,121284.21,APT/USDT:USDT
2026-01-19 07:45:00,1.6179,1.62,1.6049,1.6064,277116.35,APT/USDT:USDT
2026-01-19 08:00:00,1.6064,1.6115,1.5912,1.6005,938616.18,APT/USDT:USDT
2026-01-19 08:15:00,1.6005,1.6149,1.5963,1.6074,429503.67,APT/USDT:USDT
2026-01-19 08:30:00,1.6074,1.6182,1.607,1.6121,194310.92,APT/USDT:USDT
2026-01-19 08:45:00,1.6121,1.625,1.6121,1.6172,110513.75,APT/USDT:USDT
2026-01-19 09:00:00,1.6172,1.621,1.6124,1.6124,110623.94,APT/USDT:USDT
2026-01-19 09:15:00,1.6124,1.6178,1.6111,1.613,92941.69,APT/USDT:USDT
2026-01-19 09:30:00,1.613,1.6198,1.6117,1.6129,91319.13,APT/USDT:USDT
2026-01-19 09:45:00,1.6129,1.6153,1.6088,1.6137,56292.12,APT/USDT:USDT
2026-01-19 10:00:00,1.6137,1.6139,1.6031,1.6095,82100.27,APT/USDT:USDT
2026-01-19 10:15:00,1.6095,1.611,1.6016,1.603,103147.27,APT/USDT:USDT
2026-01-19 10:30:00,1.603,1.6039,1.597,1.6013,193568.07,APT/USDT:USDT
2026-01-19 10:45:00,1.6013,1.6042,1.5965,1.6028,92606.01,APT/USDT:USDT
2026-01-19 11:00:00,1.6028,1.6039,1.5986,1.6014,76347.05,APT/USDT:USDT
2026-01-19 11:15:00,1.6014,1.605,1.599,1.6009,94226.99,APT/USDT:USDT
2026-01-19 11:30:00,1.6009,1.6026,1.5976,1.6009,128812.13,APT/USDT:USDT
2026-01-19 11:45:00,1.6009,1.602,1.5975,1.5992,48652.6,APT/USDT:USDT
2026-01-19 12:00:00,1.5992,1.6002,1.5838,1.5889,358768.71,APT/USDT:USDT
2026-01-19 12:15:00,1.5889,1.5925,1.5836,1.5862,171719.72,APT/USDT:USDT
2026-01-19 12:30:00,1.5862,1.5932,1.586,1.5876,150514.14,APT/USDT:USDT
2026-01-19 12:45:00,1.5876,1.5906,1.5733,1.5788,457534.86,APT/USDT:USDT
2026-01-19 13:00:00,1.5788,1.5903,1.5779,1.5895,173546.43,APT/USDT:USDT
2026-01-19 13:15:00,1.5895,1.5907,1.5858,1.5893,101351.71,APT/USDT:USDT
2026-01-19 13:30:00,1.5893,1.5899,1.5862,1.5881,72412.83,APT/USDT:USDT
2026-01-19 13:45:00,1.5881,1.5919,1.5833,1.5909,231593.64,APT/USDT:USDT
2026-01-19 14:00:00,1.5909,1.5972,1.5864,1.5868,337452.37,APT/USDT:USDT
2026-01-19 14:15:00,1.5868,1.5948,1.5859,1.5948,78829.69,APT/USDT:USDT
2026-01-19 14:30:00,1.5948,1.5997,1.5926,1.5976,170466.89,APT/USDT:USDT
2026-01-19 14:45:00,1.5976,1.5987,1.5916,1.5918,67708.52,APT/USDT:USDT
2026-01-19 15:00:00,1.5918,1.594,1.5843,1.5886,92185.86,APT/USDT:USDT
2026-01-19 15:15:00,1.5886,1.589,1.5806,1.5832,70411.78,APT/USDT:USDT
2026-01-19 15:30:00,1.5832,1.5897,1.5807,1.5838,150284.68,APT/USDT:USDT
2026-01-19 15:45:00,1.5838,1.5859,1.5808,1.5837,103636.68,APT/USDT:USDT
2026-01-19 16:00:00,1.5837,1.5892,1.581,1.5847,139930.9,APT/USDT:USDT
2026-01-19 16:15:00,1.5847,1.5942,1.5845,1.5915,98242.13,APT/USDT:USDT
2026-01-19 16:30:00,1.5915,1.5971,1.589,1.5971,118414.5,APT/USDT:USDT
2026-01-19 16:45:00,1.5971,1.606,1.5943,1.6033,127583.77,APT/USDT:USDT
2026-01-19 17:00:00,1.6033,1.6061,1.5934,1.6031,154609.59,APT/USDT:USDT
2026-01-19 17:15:00,1.6031,1.6086,1.6015,1.6058,117088.46,APT/USDT:USDT
2026-01-19 17:30:00,1.6058,1.6066,1.594,1.5982,177824.71,APT/USDT:USDT
2026-01-19 17:45:00,1.5982,1.602,1.5955,1.599,68710.05,APT/USDT:USDT
2026-01-19 18:00:00,1.599,1.6014,1.5947,1.5999,103900.35,APT/USDT:USDT
2026-01-19 18:15:00,1.5999,1.6016,1.5928,1.5932,95543.15,APT/USDT:USDT
2026-01-19 18:30:00,1.5932,1.5975,1.5905,1.5973,134402.18,APT/USDT:USDT
2026-01-19 18:45:00,1.5973,1.6064,1.5957,1.6063,103663.22,APT/USDT:USDT
2026-01-19 19:00:00,1.6063,1.6119,1.6039,1.6095,506313.65,APT/USDT:USDT
2026-01-19 19:15:00,1.6095,1.628,1.6095,1.6192,176038.63,APT/USDT:USDT
2026-01-19 19:30:00,1.6192,1.6199,1.6134,1.6199,75701.07,APT/USDT:USDT
2026-01-19 19:45:00,1.6199,1.6217,1.6121,1.6154,100744.36,APT/USDT:USDT
2026-01-19 20:00:00,1.6154,1.6281,1.6154,1.6168,293641.54,APT/USDT:USDT
2026-01-19 20:15:00,1.6168,1.6195,1.607,1.6103,218600.91,APT/USDT:USDT
2026-01-19 20:30:00,1.6103,1.6116,1.6035,1.6052,70417.7,APT/USDT:USDT
2026-01-19 20:45:00,1.6052,1.6145,1.6022,1.6133,128181.01,APT/USDT:USDT
2026-01-19 21:00:00,1.6133,1.6194,1.6034,1.6052,97982.24,APT/USDT:USDT
2026-01-19 21:15:00,1.6052,1.6066,1.6011,1.6063,75299.88,APT/USDT:USDT
2026-01-19 21:30:00,1.6063,1.6093,1.602,1.6043,44755.22,APT/USDT:USDT
2026-01-19 21:45:00,1.6043,1.6053,1.596,1.6031,100334.39,APT/USDT:USDT
2026-01-19 22:00:00,1.6031,1.6063,1.597,1.601,149956.15,APT/USDT:USDT
2026-01-19 22:15:00,1.601,1.605,1.5982,1.6047,75979.56,APT/USDT:USDT
2026-01-19 22:30:00,1.6047,1.6047,1.5929,1.5945,92735.04,APT/USDT:USDT
2026-01-19 22:45:00,1.5945,1.5957,1.5901,1.5906,81811.79,APT/USDT:USDT
2026-01-19 23:00:00,1.5906,1.602,1.5905,1.5939,152184.58,APT/USDT:USDT
2026-01-19 23:15:00,1.5939,1.6035,1.5901,1.6033,75655.18,APT/USDT:USDT
2026-01-19 23:30:00,1.6033,1.6149,1.6026,1.6111,100816.1,APT/USDT:USDT
2026-01-19 23:45:00,1.6111,1.6136,1.6077,1.6114,51662.5,APT/USDT:USDT
2026-01-20 00:00:00,1.6114,1.6129,1.6033,1.6117,174983.11,APT/USDT:USDT
2026-01-20 00:15:00,1.6117,1.6147,1.6053,1.6108,181920.19,APT/USDT:USDT
2026-01-20 00:30:00,1.6108,1.6128,1.605,1.6071,76081.35,APT/USDT:USDT
2026-01-20 00:45:00,1.6071,1.6115,1.6033,1.6043,60385.96,APT/USDT:USDT
2026-01-20 01:00:00,1.6043,1.6056,1.5967,1.6033,80894.85,APT/USDT:USDT
2026-01-20 01:15:00,1.6033,1.617,1.6026,1.615,77452.91,APT/USDT:USDT
2026-01-20 01:30:00,1.615,1.6156,1.6016,1.6021,74904.68,APT/USDT:USDT
2026-01-20 01:45:00,1.6021,1.6088,1.6013,1.604,57383.61,APT/USDT:USDT
2026-01-20 02:00:00,1.604,1.6045,1.5975,1.6028,40253.13,APT/USDT:USDT
2026-01-20 02:15:00,1.6028,1.6062,1.5986,1.6013,50706.8,APT/USDT:USDT
2026-01-20 02:30:00,1.6013,1.6146,1.6013,1.6115,55976.43,APT/USDT:USDT
2026-01-20 02:45:00,1.6115,1.6173,1.6115,1.6123,145429.31,APT/USDT:USDT
2026-01-20 03:00:00,1.6123,1.6144,1.6086,1.611,51319.62,APT/USDT:USDT
2026-01-20 03:15:00,1.611,1.6127,1.6041,1.6054,57141.81,APT/USDT:USDT
2026-01-20 03:30:00,1.6054,1.6073,1.5991,1.6073,126041.76,APT/USDT:USDT
2026-01-20 03:45:00,1.6073,1.6116,1.6021,1.6022,77534.5,APT/USDT:USDT
2026-01-20 04:00:00,1.6022,1.6044,1.5963,1.5972,86821.56,APT/USDT:USDT
2026-01-20 04:15:00,1.5972,1.6022,1.5962,1.6022,88912.33,APT/USDT:USDT
2026-01-20 04:30:00,1.6022,1.6093,1.6014,1.6078,85046.09,APT/USDT:USDT
2026-01-20 04:45:00,1.6078,1.6111,1.6026,1.6047,100336.18,APT/USDT:USDT
2026-01-20 05:00:00,1.6047,1.614,1.5977,1.6057,212053.96,APT/USDT:USDT
2026-01-20 05:15:00,1.6057,1.6092,1.596,1.6053,104228.27,APT/USDT:USDT
2026-01-20 05:30:00,1.6053,1.6095,1.6012,1.606,71201.6,APT/USDT:USDT
2026-01-20 05:45:00,1.606,1.6122,1.6034,1.6038,90673.02,APT/USDT:USDT
2026-01-20 06:00:00,1.6038,1.6038,1.5884,1.5894,155715.92,APT/USDT:USDT
2026-01-20 06:15:00,1.5894,1.5969,1.577,1.5963,349443.68,APT/USDT:USDT
2026-01-20 06:30:00,1.5963,1.5963,1.5851,1.5959,130475.0,APT/USDT:USDT
2026-01-20 06:45:00,1.5959,1.5965,1.5859,1.5889,110631.88,APT/USDT:USDT
2026-01-20 07:00:00,1.5889,1.597,1.5859,1.5958,58281.3,APT/USDT:USDT
2026-01-20 07:15:00,1.5958,1.5981,1.5893,1.5931,92686.11,APT/USDT:USDT
2026-01-20 07:30:00,1.5931,1.5954,1.5883,1.5922,78790.9,APT/USDT:USDT
2026-01-20 07:45:00,1.5922,1.5922,1.5816,1.5836,250682.67,APT/USDT:USDT
2026-01-20 08:00:00,1.5836,1.5885,1.5611,1.5745,553942.43,APT/USDT:USDT
2026-01-20 08:15:00,1.5745,1.5822,1.5734,1.5773,183123.87,APT/USDT:USDT
2026-01-20 08:30:00,1.5773,1.5773,1.5628,1.5632,264804.05,APT/USDT:USDT
2026-01-20 08:45:00,1.5632,1.5789,1.563,1.5789,228657.35,APT/USDT:USDT
2026-01-20 09:00:00,1.5789,1.583,1.5732,1.58,95077.51,APT/USDT:USDT
2026-01-20 09:15:00,1.58,1.5803,1.5742,1.5746,66443.98,APT/USDT:USDT
2026-01-20 09:30:00,1.5746,1.5786,1.5738,1.5779,84885.9,APT/USDT:USDT
2026-01-20 09:45:00,1.5779,1.5973,1.575,1.5963,278725.86,APT/USDT:USDT
2026-01-20 10:00:00,1.5963,1.6283,1.5951,1.6267,886346.06,APT/USDT:USDT
2026-01-20 10:15:00,1.6267,1.6292,1.6121,1.616,461759.93,APT/USDT:USDT
2026-01-20 10:30:00,1.616,1.6197,1.61,1.6165,126283.36,APT/USDT:USDT
2026-01-20 10:45:00,1.6165,1.6171,1.5988,1.602,126715.8,APT/USDT:USDT
2026-01-20 11:00:00,1.602,1.6044,1.5974,1.6001,171797.0,APT/USDT:USDT
2026-01-20 11:15:00,1.6001,1.6021,1.5916,1.5939,217819.86,APT/USDT:USDT
2026-01-20 11:30:00,1.5939,1.5939,1.5822,1.5853,144460.41,APT/USDT:USDT
2026-01-20 11:45:00,1.5853,1.5879,1.5822,1.583,67608.44,APT/USDT:USDT
2026-01-20 12:00:00,1.583,1.5962,1.5824,1.5936,150690.85,APT/USDT:USDT
2026-01-20 12:15:00,1.5936,1.6015,1.5926,1.5976,204261.6,APT/USDT:USDT
2026-01-20 12:30:00,1.5976,1.5997,1.5888,1.5992,269671.55,APT/USDT:USDT
2026-01-20 12:45:00,1.5992,1.5998,1.594,1.594,57865.59,APT/USDT:USDT
2026-01-20 13:00:00,1.594,1.594,1.5805,1.582,233521.83,APT/USDT:USDT
2026-01-20 13:15:00,1.582,1.5871,1.5811,1.5859,133425.7,APT/USDT:USDT
2026-01-20 13:30:00,1.5859,1.5883,1.5769,1.5799,192034.11,APT/USDT:USDT
2026-01-20 13:45:00,1.5799,1.58,1.5636,1.5679,348893.25,APT/USDT:USDT
2026-01-20 14:00:00,1.5679,1.5773,1.5668,1.5742,207127.19,APT/USDT:USDT
2026-01-20 14:15:00,1.5742,1.5823,1.5716,1.5748,186407.95,APT/USDT:USDT
2026-01-20 14:30:00,1.5748,1.5977,1.5719,1.5913,241779.35,APT/USDT:USDT
2026-01-20 14:45:00,1.5913,1.596,1.5814,1.5829,160830.88,APT/USDT:USDT
2026-01-20 15:00:00,1.5829,1.5849,1.5642,1.5758,383981.46,APT/USDT:USDT
2026-01-20 15:15:00,1.5758,1.581,1.567,1.5725,360920.7,APT/USDT:USDT
2026-01-20 15:30:00,1.5725,1.5782,1.5686,1.5706,180691.19,APT/USDT:USDT
2026-01-20 15:45:00,1.5706,1.575,1.562,1.575,140714.53,APT/USDT:USDT
2026-01-20 16:00:00,1.575,1.5799,1.5654,1.5785,193724.71,APT/USDT:USDT
2026-01-20 16:15:00,1.5785,1.5843,1.5661,1.567,241821.46,APT/USDT:USDT
2026-01-20 16:30:00,1.567,1.5692,1.5512,1.5533,413673.65,APT/USDT:USDT
2026-01-20 16:45:00,1.5533,1.5572,1.5427,1.5537,524292.22,APT/USDT:USDT
2026-01-20 17:00:00,1.5537,1.5676,1.5505,1.5626,159616.33,APT/USDT:USDT
2026-01-20 17:15:00,1.5626,1.5645,1.5536,1.5569,173633.09,APT/USDT:USDT
2026-01-20 17:30:00,1.5569,1.5589,1.546,1.5487,314498.32,APT/USDT:USDT
2026-01-20 17:45:00,1.5487,1.5507,1.5373,1.5465,317835.6,APT/USDT:USDT
2026-01-20 18:00:00,1.5465,1.5534,1.5465,1.5517,85321.18,APT/USDT:USDT
2026-01-20 18:15:00,1.5517,1.5517,1.5392,1.5431,104086.79,APT/USDT:USDT
2026-01-20 18:30:00,1.5431,1.5465,1.5381,1.542,62270.46,APT/USDT:USDT
2026-01-20 18:45:00,1.542,1.5497,1.5377,1.5471,155900.18,APT/USDT:USDT
2026-01-20 19:00:00,1.5471,1.5583,1.5449,1.5494,201503.73,APT/USDT:USDT
2026-01-20 19:15:00,1.5494,1.5545,1.5485,1.5493,128717.12,APT/USDT:USDT
2026-01-20 19:30:00,1.5493,1.5494,1.5429,1.547,178552.56,APT/USDT:USDT
2026-01-20 19:45:00,1.547,1.5494,1.5444,1.5457,34991.57,APT/USDT:USDT
2026-01-20 20:00:00,1.5457,1.5518,1.5411,1.5488,163709.12,APT/USDT:USDT
2026-01-20 20:15:00,1.5488,1.5623,1.5487,1.5602,119587.1,APT/USDT:USDT
2026-01-20 20:30:00,1.5602,1.562,1.5554,1.5604,65189.1,APT/USDT:USDT
2026-01-20 20:45:00,1.5604,1.5649,1.5587,1.5636,99892.47,APT/USDT:USDT
2026-01-20 21:00:00,1.5636,1.5659,1.5562,1.5564,86373.73,APT/USDT:USDT
2026-01-20 21:15:00,1.5564,1.5564,1.5491,1.5501,58813.51,APT/USDT:USDT
2026-01-20 21:30:00,1.5501,1.554,1.5457,1.5511,47230.87,APT/USDT:USDT
2026-01-20 21:45:00,1.5511,1.5516,1.5464,1.5471,40486.81,APT/USDT:USDT
2026-01-20 22:00:00,1.5471,1.5492,1.5445,1.545,65783.31,APT/USDT:USDT
2026-01-20 22:15:00,1.545,1.5461,1.5401,1.544,31304.66,APT/USDT:USDT
2026-01-20 22:30:00,1.544,1.548,1.516,1.5455,862966.81,APT/USDT:USDT
2026-01-20 22:45:00,1.5455,1.546,1.5343,1.5351,76182.21,APT/USDT:USDT
2026-01-20 23:00:00,1.5351,1.5396,1.5288,1.5368,126215.77,APT/USDT:USDT
2026-01-20 23:15:00,1.5368,1.539,1.5277,1.5321,171344.53,APT/USDT:USDT
2026-01-20 23:30:00,1.5321,1.539,1.5312,1.5316,138780.39,APT/USDT:USDT
2026-01-20 23:45:00,1.5316,1.5357,1.5307,1.532,49233.83,APT/USDT:USDT
2026-01-21 00:00:00,1.532,1.5406,1.5314,1.5346,102368.53,APT/USDT:USDT
2026-01-21 00:15:00,1.5346,1.5406,1.5304,1.5365,108197.88,APT/USDT:USDT
2026-01-21 00:30:00,1.5365,1.5454,1.5365,1.5439,90013.44,APT/USDT:USDT
2026-01-21 00:45:00,1.5439,1.5597,1.5426,1.5588,142767.85,APT/USDT:USDT
2026-01-21 01:00:00,1.5588,1.5652,1.5587,1.5647,103067.15,APT/USDT:USDT
2026-01-21 01:15:00,1.5647,1.5722,1.5645,1.5682,82691.1,APT/USDT:USDT
2026-01-21 01:30:00,1.5682,1.569,1.5623,1.5642,69569.74,APT/USDT:USDT
2026-01-21 01:45:00,1.5642,1.5657,1.5616,1.5657,35388.42,APT/USDT:USDT
2026-01-21 02:00:00,1.5657,1.5728,1.5657,1.5727,99693.09,APT/USDT:USDT
2026-01-21 02:15:00,1.5727,1.5757,1.5695,1.5756,89771.14,APT/USDT:USDT
2026-01-21 02:30:00,1.5756,1.58,1.573,1.5791,62884.79,APT/USDT:USDT
2026-01-21 02:45:00,1.5791,1.5946,1.5789,1.5877,518655.75,APT/USDT:USDT
2026-01-21 03:00:00,1.5877,1.5887,1.5806,1.586,62727.77,APT/USDT:USDT
2026-01-21 03:15:00,1.586,1.5884,1.5826,1.5874,54914.13,APT/USDT:USDT
2026-01-21 03:30:00,1.5874,1.5874,1.5807,1.5821,64898.12,APT/USDT:USDT
2026-01-21 03:45:00,1.5821,1.5831,1.5737,1.5755,144421.27,APT/USDT:USDT
2026-01-21 04:00:00,1.5755,1.577,1.5718,1.5739,50087.29,APT/USDT:USDT
2026-01-21 04:15:00,1.5739,1.5819,1.573,1.5819,29397.23,APT/USDT:USDT
2026-01-21 04:30:00,1.5819,1.5844,1.581,1.5844,36054.52,APT/USDT:USDT
2026-01-21 04:45:00,1.5844,1.5844,1.5778,1.5791,56993.03,APT/USDT:USDT
2026-01-21 05:00:00,1.5791,1.5813,1.5776,1.5809,29959.64,APT/USDT:USDT
2026-01-21 05:15:00,1.5809,1.5809,1.5739,1.5754,22974.98,APT/USDT:USDT
2026-01-21 05:30:00,1.5754,1.5793,1.5726,1.5759,98341.66,APT/USDT:USDT
2026-01-21 05:45:00,1.5759,1.5831,1.5756,1.5831,65247.37,APT/USDT:USDT
2026-01-21 06:00:00,1.5831,1.584,1.5777,1.5782,73874.77,APT/USDT:USDT
2026-01-21 06:15:00,1.5782,1.587,1.5741,1.5843,116522.71,APT/USDT:USDT
2026-01-21 06:30:00,1.5843,1.5873,1.582,1.5826,49279.93,APT/USDT:USDT
2026-01-21 06:45:00,1.5826,1.5849,1.5802,1.5816,30174.7,APT/USDT:USDT
2026-01-21 07:00:00,1.5816,1.5853,1.577,1.5812,42541.09,APT/USDT:USDT
2026-01-21 07:15:00,1.5812,1.5913,1.5812,1.5912,36886.22,APT/USDT:USDT
2026-01-21 07:30:00,1.5912,1.5916,1.5801,1.5808,109582.61,APT/USDT:USDT
2026-01-21 07:45:00,1.5808,1.5824,1.5761,1.5811,122424.53,APT/USDT:USDT
2026-01-21 08:00:00,1.5811,1.592,1.5799,1.5818,234354.89,APT/USDT:USDT
2026-01-21 08:15:00,1.5818,1.5864,1.5793,1.5793,137835.89,APT/USDT:USDT
2026-01-21 08:30:00,1.5793,1.5802,1.5688,1.5718,104248.77,APT/USDT:USDT
2026-01-21 08:45:00,1.5718,1.5854,1.5712,1.5854,40679.19,APT/USDT:USDT
2026-01-21 09:00:00,1.5854,1.5865,1.5774,1.5788,107260.73,APT/USDT:USDT
2026-01-21 09:15:00,1.5788,1.5804,1.5761,1.5772,36273.18,APT/USDT:USDT
2026-01-21 09:30:00,1.5772,1.5784,1.5747,1.5755,56973.4,APT/USDT:USDT
2026-01-21 09:45:00,1.5755,1.5817,1.5748,1.5811,76585.18,APT/USDT:USDT
2026-01-21 10:00:00,1.5811,1.5899,1.5784,1.5851,169077.46,APT/USDT:USDT
2026-01-21 10:15:00,1.5851,1.587,1.577,1.5772,69697.46,APT/USDT:USDT
2026-01-21 10:30:00,1.5772,1.5788,1.5732,1.5755,74017.45,APT/USDT:USDT
2026-01-21 10:45:00,1.5755,1.5755,1.5688,1.5694,62803.32,APT/USDT:USDT
2026-01-21 11:00:00,1.5694,1.5761,1.5665,1.5757,85734.5,APT/USDT:USDT
2026-01-21 11:15:00,1.5757,1.5769,1.572,1.5724,34357.45,APT/USDT:USDT
2026-01-21 11:30:00,1.5724,1.5761,1.5705,1.5718,33475.41,APT/USDT:USDT
2026-01-21 11:45:00,1.5718,1.5726,1.5561,1.5595,198091.93,APT/USDT:USDT
2026-01-21 12:00:00,1.5595,1.5624,1.5415,1.5448,332808.48,APT/USDT:USDT
2026-01-21 12:15:00,1.5448,1.548,1.5367,1.5446,212157.05,APT/USDT:USDT
2026-01-21 12:30:00,1.5446,1.5599,1.5421,1.5587,146942.11,APT/USDT:USDT
2026-01-21 12:45:00,1.5587,1.563,1.5577,1.5579,83717.76,APT/USDT:USDT
2026-01-21 13:00:00,1.5579,1.5622,1.5574,1.5602,51617.0,APT/USDT:USDT
2026-01-21 13:15:00,1.5602,1.5607,1.5519,1.5525,51477.62,APT/USDT:USDT
2026-01-21 13:30:00,1.5525,1.5552,1.5427,1.5444,127186.55,APT/USDT:USDT
2026-01-21 13:45:00,1.5444,1.5517,1.5403,1.5466,119446.53,APT/USDT:USDT
2026-01-21 14:00:00,1.5466,1.5822,1.5456,1.5801,382468.42,APT/USDT:USDT
2026-01-21 14:15:00,1.5801,1.5863,1.5746,1.5827,226303.19,APT/USDT:USDT
2026-01-21 14:30:00,1.5827,1.5951,1.5794,1.5822,232729.67,APT/USDT:USDT
2026-01-21 14:45:00,1.5822,1.5919,1.5743,1.5867,193634.95,APT/USDT:USDT
2026-01-21 15:00:00,1.5867,1.5931,1.581,1.5916,239916.84,APT/USDT:USDT
2026-01-21 15:15:00,1.5916,1.6027,1.5835,1.5842,455911.15,APT/USDT:USDT
2026-01-21 15:30:00,1.5842,1.5845,1.5652,1.5682,302620.77,APT/USDT:USDT
2026-01-21 15:45:00,1.5682,1.5831,1.5659,1.5762,210690.42,APT/USDT:USDT
2026-01-21 16:00:00,1.5762,1.5791,1.5681,1.5703,146735.2,APT/USDT:USDT
2026-01-21 16:15:00,1.5703,1.5703,1.5493,1.5587,372496.9,APT/USDT:USDT
2026-01-21 16:30:00,1.5587,1.5595,1.5174,1.52,692683.04,APT/USDT:USDT
2026-01-21 16:45:00,1.52,1.5363,1.5105,1.5158,373157.52,APT/USDT:USDT
2026-01-21 17:00:00,1.5158,1.5365,1.5143,1.5153,471328.7,APT/USDT:USDT
2026-01-21 17:15:00,1.5153,1.5243,1.5112,1.5165,250844.53,APT/USDT:USDT
2026-01-21 17:30:00,1.5165,1.5254,1.505,1.517,385598.01,APT/USDT:USDT
2026-01-21 17:45:00,1.517,1.5265,1.5144,1.5232,202412.36,APT/USDT:USDT
2026-01-21 18:00:00,1.5232,1.5303,1.515,1.5265,161453.21,APT/USDT:USDT
2026-01-21 18:15:00,1.5265,1.5294,1.5172,1.5198,117929.1,APT/USDT:USDT
2026-01-21 18:30:00,1.5198,1.5259,1.5185,1.5209,96491.05,APT/USDT:USDT
2026-01-21 18:45:00,1.5209,1.5373,1.5194,1.5289,148847.13,APT/USDT:USDT
2026-01-21 19:00:00,1.5289,1.5348,1.5229,1.528,71739.0,APT/USDT:USDT
2026-01-21 19:15:00,1.528,1.5606,1.5262,1.5592,339565.63,APT/USDT:USDT
2026-01-21 19:30:00,1.5592,1.5886,1.5566,1.5882,533402.31,APT/USDT:USDT
2026-01-21 19:45:00,1.5882,1.5939,1.5808,1.593,326645.5,APT/USDT:USDT
2026-01-21 20:00:00,1.593,1.5958,1.579,1.5795,192119.44,APT/USDT:USDT
2026-01-21 20:15:00,1.5795,1.5795,1.5655,1.5678,158730.49,APT/USDT:USDT
2026-01-21 20:30:00,1.5678,1.572,1.5611,1.566,197227.58,APT/USDT:USDT
2026-01-21 20:45:00,1.566,1.585,1.566,1.585,310600.35,APT/USDT:USDT
2026-01-21 21:00:00,1.585,1.5915,1.5768,1.5867,86319.09,APT/USDT:USDT
2026-01-21 21:15:00,1.5867,1.5971,1.5836,1.5843,100258.59,APT/USDT:USDT
2026-01-21 21:30:00,1.5843,1.5932,1.5838,1.5903,43662.24,APT/USDT:USDT
2026-01-21 21:45:00,1.5903,1.5929,1.5858,1.5879,43049.01,APT/USDT:USDT
2026-01-21 22:00:00,1.5879,1.595,1.5877,1.5881,143273.48,APT/USDT:USDT
2026-01-21 22:15:00,1.5881,1.5881,1.5699,1.5747,126361.7,APT/USDT:USDT
2026-01-21 22:30:00,1.5747,1.5771,1.5684,1.5711,80848.17,APT/USDT:USDT
2026-01-21 22:45:00,1.5711,1.5757,1.5687,1.5697,57595.18,APT/USDT:USDT
2026-01-21 23:00:00,1.5697,1.5761,1.5665,1.5734,73897.4,APT/USDT:USDT
2026-01-21 23:15:00,1.5734,1.5736,1.5631,1.5695,104436.75,APT/USDT:USDT
2026-01-21 23:30:00,1.5695,1.5695,1.5552,1.5557,75273.15,APT/USDT:USDT
2026-01-21 23:45:00,1.5557,1.5589,1.5456,1.5567,484298.82,APT/USDT:USDT
2026-01-22 00:00:00,1.5567,1.5651,1.5567,1.5595,120369.34,APT/USDT:USDT
2026-01-22 00:15:00,1.5595,1.5615,1.5567,1.5582,70054.77,APT/USDT:USDT
2026-01-22 00:30:00,1.5582,1.5687,1.5575,1.5669,119245.13,APT/USDT:USDT
2026-01-22 00:45:00,1.5669,1.5684,1.5593,1.5593,49879.85,APT/USDT:USDT
2026-01-22 01:00:00,1.5593,1.5663,1.5572,1.5603,49675.75,APT/USDT:USDT
2026-01-22 01:15:00,1.5603,1.57,1.5603,1.5683,81634.45,APT/USDT:USDT
2026-01-22 01:30:00,1.5683,1.5715,1.566,1.569,40324.97,APT/USDT:USDT
2026-01-22 01:45:00,1.569,1.5788,1.5664,1.5781,55364.12,APT/USDT:USDT
2026-01-22 02:00:00,1.5781,1.5835,1.5752,1.5784,82414.6,APT/USDT:USDT
2026-01-22 02:15:00,1.5784,1.5786,1.5647,1.5663,80334.67,APT/USDT:USDT
2026-01-22 02:30:00,1.5663,1.5721,1.5585,1.5704,249687.24,APT/USDT:USDT
2026-01-22 02:45:00,1.5704,1.5728,1.5678,1.5722,76290.77,APT/USDT:USDT
2026-01-22 03:00:00,1.5722,1.5804,1.5712,1.5804,85587.91,APT/USDT:USDT
2026-01-22 03:15:00,1.5804,1.5804,1.569,1.5734,61736.04,APT/USDT:USDT
2026-01-22 03:30:00,1.5734,1.5734,1.5606,1.5657,48180.2,APT/USDT:USDT
2026-01-22 03:45:00,1.5657,1.5686,1.564,1.5668,45140.28,APT/USDT:USDT
2026-01-22 04:00:00,1.5668,1.5685,1.5632,1.5662,54462.23,APT/USDT:USDT
2026-01-22 04:15:00,1.5662,1.5753,1.5662,1.5746,26982.37,APT/USDT:USDT
2026-01-22 04:30:00,1.5746,1.5808,1.5708,1.5792,51139.15,APT/USDT:USDT
2026-01-22 04:45:00,1.5792,1.5808,1.5759,1.5762,72765.74,APT/USDT:USDT
2026-01-22 05:00:00,1.5762,1.5793,1.5745,1.5781,101154.05,APT/USDT:USDT
2026-01-22 05:15:00,1.5781,1.5797,1.57,1.5714,68864.49,APT/USDT:USDT
2026-01-22 05:30:00,1.5714,1.5739,1.5683,1.571,44211.3,APT/USDT:USDT
2026-01-22 05:45:00,1.571,1.5726,1.5631,1.5647,47011.63,APT/USDT:USDT
2026-01-22 06:00:00,1.5647,1.5676,1.5593,1.5618,57929.68,APT/USDT:USDT
2026-01-22 06:15:00,1.5618,1.5647,1.5507,1.5519,61036.64,APT/USDT:USDT
2026-01-22 06:30:00,1.5519,1.5593,1.5515,1.5573,41386.04,APT/USDT:USDT
2026-01-22 06:45:00,1.5573,1.5601,1.5564,1.5591,54021.86,APT/USDT:USDT
